date,actual_mean_temp,actual_min_temp,actual_max_temp,average_min_temp,average_max_temp,record_min_temp,record_max_temp,record_min_temp_year,record_max_temp_year,actual_precipitation,average_precipitation,record_precipitation,month,city
2014-7-1,77,60,94,54,73,45,94,1948,2014,0,0.03,0.75,July,sea
2014-7-2,70,58,81,54,73,43,93,1954,2015,0,0.03,0.5,July,sea
2014-7-3,64,57,71,54,74,44,92,1954,2015,0,0.03,0.47,July,sea
2014-7-4,66,57,75,54,74,43,92,1949,2015,0,0.03,0.57,July,sea
2014-7-5,66,56,76,55,74,47,91,1951,1958,0,0.03,0.64,July,sea
2014-7-6,72,59,84,55,74,45,94,1949,1960,0,0.03,0.44,July,sea
2014-7-7,73,64,81,55,74,47,90,1955,2010,0,0.03,0.58,July,sea
2014-7-8,73,60,86,55,75,47,95,1950,2010,0,0.03,0.8,July,sea
2014-7-9,69,57,80,55,75,48,93,1960,2010,0,0.02,0.81,July,sea
2014-7-10,70,55,84,55,75,46,90,1960,1945,0,0.03,0.38,July,sea
2014-7-11,74,59,88,55,75,49,98,1960,2007,0,0.03,0.25,July,sea
2014-7-12,76,62,90,55,75,47,97,1954,1961,0,0.02,0.64,July,sea
2014-7-13,72,59,85,56,76,50,93,2010,1961,0,0.02,0.85,July,sea
2014-7-14,71,59,82,56,76,50,91,1982,1996,0,0.03,0.74,July,sea
2014-7-15,73,57,88,56,76,49,92,1982,1958,0,0.02,0.11,July,sea
2014-7-16,73,58,88,56,76,50,98,1968,1979,0,0.02,0.65,July,sea
2014-7-17,69,57,80,56,76,48,96,1950,1979,0,0.02,0.35,July,sea
2014-7-18,64,53,75,56,76,47,93,1952,1995,0,0.02,0.29,July,sea
2014-7-19,69,59,78,56,77,48,95,1962,1988,0,0.02,0.45,July,sea
2014-7-20,63,58,67,56,77,50,100,1953,1994,0,0.02,0.6,July,sea
2014-7-21,66,56,75,56,77,48,97,1951,2006,0,0.01,0.29,July,sea
2014-7-22,63,56,70,56,77,49,96,1973,2006,0.01,0.02,0.33,July,sea
2014-7-23,61,56,66,56,77,47,99,1955,1991,0.76,0.02,0.76,July,sea
2014-7-24,62,55,69,56,77,43,95,1953,2004,0,0.02,0.28,July,sea
2014-7-25,64,54,73,56,77,47,94,1954,1988,0,0.02,0.4,July,sea
2014-7-26,68,56,79,56,77,49,92,1952,1971,0,0.02,0.73,July,sea
2014-7-27,71,59,83,57,77,46,95,1956,1958,0,0.01,0.3,July,sea
2014-7-28,73,59,87,57,77,47,97,1953,1958,0,0.02,0.22,July,sea
2014-7-29,73,60,86,57,77,45,103,1954,2009,0,0.02,0.17,July,sea
2014-7-30,72,58,85,57,77,48,96,1951,2009,0,0.01,0.39,July,sea
2014-7-31,76,64,87,57,77,47,93,1954,1959,0,0.02,0.26,July,sea
2014-8-1,72,59,84,57,77,50,92,1954,1949,0,0.02,0.52,August,sea
2014-8-2,73,60,85,57,77,46,89,1953,1977,0.02,0.02,0.76,August,sea
2014-8-3,74,58,89,57,77,46,90,1956,1988,0,0.01,0.47,August,sea
2014-8-4,76,61,91,57,77,44,95,1950,1993,0,0.02,0.61,August,sea
2014-8-5,67,57,77,57,77,49,93,1950,2012,0,0.02,0.36,August,sea
2014-8-6,69,59,79,57,77,50,91,1974,1972,0,0.02,0.57,August,sea
2014-8-7,67,56,78,56,77,48,95,1948,1972,0,0.02,0.95,August,sea
2014-8-8,67,56,78,56,77,47,98,1974,1960,0,0.02,0.13,August,sea
2014-8-9,71,60,81,56,77,47,99,1950,1960,0,0.03,0.61,August,sea
2014-8-10,72,57,87,56,77,46,98,1954,1981,0,0.02,0.28,August,sea
2014-8-11,80,64,96,56,77,46,96,1954,2014,0.02,0.03,0.32,August,sea
2014-8-12,72,63,81,56,77,49,96,1949,1977,0.5,0.02,0.56,August,sea
2014-8-13,67,59,74,56,77,44,92,1955,2002,0.85,0.03,0.85,August,sea
2014-8-14,67,63,70,56,77,44,95,1955,2010,0,0.03,1.6,August,sea
2014-8-15,69,62,76,56,77,47,96,1955,2010,0.04,0.03,1.2,August,sea
2014-8-16,69,60,78,56,77,50,98,1986,1967,0,0.03,0.41,August,sea
2014-8-17,71,59,82,56,76,45,96,1951,1977,0,0.03,0.93,August,sea
2014-8-18,73,60,85,56,76,47,88,1951,1991,0,0.03,1.63,August,sea
2014-8-19,71,60,81,56,76,48,88,1959,1967,0,0.03,0.88,August,sea
2014-8-20,64,57,71,56,76,47,87,1952,1966,0,0.03,0.7,August,sea
2014-8-21,61,52,70,56,76,46,88,1973,1966,0,0.03,0.7,August,sea
2014-8-22,66,56,75,56,76,45,86,1960,1956,0,0.03,1.41,August,sea
2014-8-23,70,57,82,56,76,46,91,1955,1988,0,0.04,1.49,August,sea
2014-8-24,67,56,77,55,76,45,88,1951,1982,0,0.03,1,August,sea
2014-8-25,71,58,84,55,75,45,87,1954,1982,0,0.03,0.59,August,sea
2014-8-26,74,60,88,55,75,46,91,1957,1986,0,0.04,0.67,August,sea
2014-8-27,73,61,84,55,75,44,88,1952,1986,0,0.04,0.76,August,sea
2014-8-28,66,58,74,55,75,46,95,1952,1967,0,0.03,0.47,August,sea
2014-8-29,66,59,73,55,75,44,91,1951,1974,0,0.04,0.87,August,sea
2014-8-30,62,59,64,55,75,45,88,1950,1987,0.33,0.04,0.37,August,sea
2014-8-31,64,57,70,55,74,46,92,1950,1987,0.05,0.04,0.56,August,sea
2014-9-1,65,55,74,55,74,46,91,1973,1987,0,0.04,0.55,September,sea
2014-9-2,63,57,68,55,74,41,98,1960,1988,0.12,0.03,0.71,September,sea
2014-9-3,62,55,69,54,74,45,92,1956,1988,0,0.04,0.46,September,sea
2014-9-4,64,52,75,54,74,42,87,1952,1963,0,0.05,0.66,September,sea
2014-9-5,70,57,82,54,74,44,88,1950,1973,0,0.04,1.09,September,sea
2014-9-6,75,59,90,54,73,45,90,1948,2014,0,0.04,0.93,September,sea
2014-9-7,70,56,83,54,73,45,94,1960,1981,0,0.04,0.26,September,sea
2014-9-8,63,56,70,54,73,43,85,1950,1993,0,0.05,0.6,September,sea
2014-9-9,64,56,71,53,73,40,89,1952,1963,0,0.04,0.61,September,sea
2014-9-10,63,54,72,53,72,39,85,1952,2007,0,0.04,0.64,September,sea
2014-9-11,66,55,76,53,72,40,93,1952,2013,0,0.05,0.58,September,sea
2014-9-12,66,55,76,53,72,44,85,1949,1961,0,0.04,0.6,September,sea
2014-9-13,67,50,83,53,72,39,87,1952,1999,0,0.05,0.51,September,sea
2014-9-14,70,53,86,53,71,46,93,1955,1979,0,0.04,0.73,September,sea
2014-9-15,71,54,87,52,71,42,93,1952,1967,0,0.05,0.69,September,sea
2014-9-16,65,57,72,52,71,44,91,1952,1967,0,0.05,0.76,September,sea
2014-9-17,66,58,73,52,70,42,85,1965,1991,0.02,0.04,1.49,September,sea
2014-9-18,63,59,67,52,70,41,85,1955,1991,0.01,0.05,0.78,September,sea
2014-9-19,68,61,75,52,70,40,82,1957,1999,0,0.05,0.79,September,sea
2014-9-20,67,58,76,51,69,40,88,1949,1974,0,0.06,1.05,September,sea
2014-9-21,67,55,79,51,69,39,88,1955,1952,0,0.05,0.94,September,sea
2014-9-22,66,59,72,51,69,37,92,1955,1990,0.01,0.06,1.65,September,sea
2014-9-23,62,58,66,51,68,40,83,1948,1957,0.72,0.05,0.72,September,sea
2014-9-24,62,58,66,50,68,38,89,1948,1974,0.8,0.06,0.99,September,sea
2014-9-25,65,58,71,50,68,36,85,1972,1991,0.17,0.06,0.63,September,sea
2014-9-26,63,57,68,50,67,39,78,1972,1967,0.35,0.07,1.51,September,sea
2014-9-27,61,53,69,50,67,35,89,1972,1967,0,0.06,1.04,September,sea
2014-9-28,60,54,66,50,67,38,84,1950,2003,0,0.07,1.71,September,sea
2014-9-29,57,52,62,49,66,37,81,1954,1992,0.03,0.06,0.92,September,sea
2014-9-30,61,54,67,49,66,36,82,1950,1992,0,0.07,1.65,September,sea
2014-10-1,59,52,65,49,65,35,89,1950,1987,0,0.07,0.56,October,sea
2014-10-2,59,50,67,49,65,35,79,1950,1993,0,0.07,0.8,October,sea
2014-10-3,60,48,72,48,65,39,80,1949,1993,0,0.07,0.67,October,sea
2014-10-4,63,54,71,48,64,38,76,1957,1966,0,0.07,0.92,October,sea
2014-10-5,64,53,75,48,64,38,82,1974,1980,0,0.08,1.26,October,sea
2014-10-6,67,56,78,48,63,37,78,1955,1952,0,0.08,2.72,October,sea
2014-10-7,62,57,66,48,63,37,75,1983,1951,0,0.09,0.71,October,sea
2014-10-8,62,55,69,47,63,39,80,1949,1951,0,0.08,1.16,October,sea
2014-10-9,58,52,63,47,62,35,79,1960,1996,0,0.09,1.27,October,sea
2014-10-10,58,50,65,47,62,40,77,1972,1987,0.01,0.09,1.02,October,sea
2014-10-11,59,53,65,47,61,37,83,1969,1991,0.29,0.09,0.89,October,sea
2014-10-12,59,53,64,47,61,40,72,2002,2006,0,0.09,0.7,October,sea
2014-10-13,60,50,70,46,61,35,75,1954,1961,0.3,0.1,0.66,October,sea
2014-10-14,58,53,62,46,60,36,80,1949,1961,0.28,0.11,0.77,October,sea
2014-10-15,57,53,61,46,60,35,77,1952,1991,0.34,0.1,0.93,October,sea
2014-10-16,61,52,69,46,60,35,70,1980,1974,0,0.11,0.78,October,sea
2014-10-17,58,53,62,46,59,34,74,1949,1989,0.13,0.11,1.24,October,sea
2014-10-18,62,57,67,45,59,32,70,1949,1974,0.59,0.11,1.19,October,sea
2014-10-19,64,55,72,45,58,28,72,1949,2014,0,0.12,1.05,October,sea
2014-10-20,58,54,61,45,58,29,69,1949,1987,0.46,0.12,5.02,October,sea
2014-10-21,57,53,61,45,58,32,72,1949,1965,0.04,0.13,1.29,October,sea
2014-10-22,57,53,60,45,57,34,70,1950,1965,1.26,0.12,1.26,October,sea
2014-10-23,53,47,58,45,57,32,73,1953,1965,0.37,0.14,1.24,October,sea
2014-10-24,53,48,58,44,57,33,72,1954,1965,0.16,0.14,1.1,October,sea
2014-10-25,55,47,62,44,57,31,67,1954,1965,0.24,0.14,1.16,October,sea
2014-10-26,51,46,55,44,56,29,65,1954,1998,0.06,0.15,2.13,October,sea
2014-10-27,52,44,60,44,56,31,67,1970,1968,0.03,0.15,1.23,October,sea
2014-10-28,54,49,59,44,56,30,66,1971,1962,0.5,0.16,1.53,October,sea
2014-10-29,58,53,62,43,55,31,65,1970,1986,0.02,0.16,1.24,October,sea
2014-10-30,56,52,60,43,55,30,66,1991,1967,1,0.17,1.36,October,sea
2014-10-31,51,47,55,43,55,30,71,2003,1949,0.67,0.17,1.04,October,sea
2014-11-1,49,45,52,43,55,30,67,2003,1981,0,0.19,1.56,November,sea
2014-11-2,51,45,56,43,54,31,72,1952,1970,0.07,0.19,2.18,November,sea
2014-11-3,55,52,57,43,54,29,74,1953,2010,0.43,0.2,1.37,November,sea
2014-11-4,55,51,58,42,54,30,74,1957,1949,0.16,0.2,1.91,November,sea
2014-11-5,55,51,59,42,53,31,65,2003,1960,0.19,0.2,1.01,November,sea
2014-11-6,57,51,62,42,53,30,65,2003,1976,0.16,0.21,3.29,November,sea
2014-11-7,52,45,58,42,53,31,62,1952,2008,0,0.2,1.93,November,sea
2014-11-8,47,39,55,42,53,27,64,1948,1952,0,0.22,0.85,November,sea
2014-11-9,51,46,56,41,52,27,64,1948,1997,0.2,0.21,2.95,November,sea
2014-11-10,47,42,52,41,52,30,63,1948,1997,0,0.22,1.08,November,sea
2014-11-11,40,34,46,41,52,15,65,1955,1990,0,0.23,1.48,November,sea
2014-11-12,38,32,44,41,52,13,60,1955,1953,0,0.23,1.52,November,sea
2014-11-13,39,33,45,41,51,14,62,1955,1997,0,0.23,1.68,November,sea
2014-11-14,37,28,45,40,51,9,65,1955,1995,0,0.23,2.61,November,sea
2014-11-15,38,29,47,40,51,6,62,1955,2001,0,0.23,1.09,November,sea
2014-11-16,39,28,49,40,51,21,68,1955,1965,0,0.23,1.08,November,sea
2014-11-17,40,28,51,40,51,23,61,1955,1995,0,0.23,1.06,November,sea
2014-11-18,38,31,45,40,50,29,59,2000,1965,0,0.23,2.06,November,sea
2014-11-19,44,36,52,39,50,25,60,1977,2008,0,0.24,2.13,November,sea
2014-11-20,47,42,52,39,50,25,64,1985,1987,0.14,0.23,3.41,November,sea
2014-11-21,50,47,52,39,50,21,62,1977,1954,0.6,0.23,1.26,November,sea
2014-11-22,47,44,49,39,49,14,58,1985,1954,0.02,0.22,1.76,November,sea
2014-11-23,49,42,55,38,49,10,58,1985,1959,0.47,0.22,2.49,November,sea
2014-11-24,47,40,53,38,49,14,59,2010,1974,0.05,0.23,2.93,November,sea
2014-11-25,53,49,57,38,49,18,59,1985,1949,0.72,0.22,3.04,November,sea
2014-11-26,57,54,59,38,48,25,61,1952,1949,0.01,0.22,1.34,November,sea
2014-11-27,56,53,58,38,48,19,58,1985,2013,0.13,0.22,1.3,November,sea
2014-11-28,47,38,55,37,48,17,59,1952,1999,1.35,0.21,1.55,November,sea
2014-11-29,32,24,40,37,48,18,59,2006,1999,0.14,0.23,1.08,November,sea
2014-11-30,30,23,37,37,48,21,59,1985,2012,0,0.22,1.5,November,sea
2014-12-1,33,26,40,37,47,20,57,1985,1958,0,0.2,1.52,December,sea
2014-12-2,34,26,42,37,47,25,57,1985,1958,0,0.2,1.75,December,sea
2014-12-3,41,32,50,36,47,27,60,1994,1965,0,0.2,3.77,December,sea
2014-12-4,43,39,47,36,47,21,57,1994,1989,0.03,0.19,1.41,December,sea
2014-12-5,50,44,55,36,47,23,55,1956,1954,0.12,0.19,1.67,December,sea
2014-12-6,50,46,53,36,46,19,57,1956,1965,0.29,0.18,1.39,December,sea
2014-12-7,51,43,58,36,46,18,58,1972,2014,0,0.19,0.88,December,sea
2014-12-8,53,48,58,36,46,13,59,1972,1957,0.36,0.18,1.61,December,sea
2014-12-9,56,51,61,36,46,18,61,2009,2014,0.39,0.17,1.78,December,sea
2014-12-10,58,50,66,36,46,16,66,2009,2014,0.51,0.17,1.55,December,sea
2014-12-11,53,47,58,35,46,21,58,2009,2014,0.27,0.17,1.42,December,sea
2014-12-12,49,45,52,35,46,22,60,1972,1960,0,0.16,2.19,December,sea
2014-12-13,45,39,50,35,46,19,59,1972,1952,0,0.17,1.63,December,sea
2014-12-14,45,35,55,35,45,22,59,2008,2002,0,0.17,1.67,December,sea
2014-12-15,49,44,54,35,45,19,63,2008,1980,0,0.16,1.6,December,sea
2014-12-16,49,47,50,35,45,10,57,1964,1974,0,0.17,1.32,December,sea
2014-12-17,46,43,48,35,45,11,57,1964,1994,0.11,0.16,1.61,December,sea
2014-12-18,47,44,49,35,45,18,54,1964,1958,0.51,0.16,1.23,December,sea
2014-12-19,49,45,52,35,45,17,56,1990,1994,0.12,0.17,1.19,December,sea
2014-12-20,50,44,55,35,45,14,57,1990,1973,0.77,0.16,1.93,December,sea
2014-12-21,53,50,55,35,45,12,56,1990,2005,0,0.17,0.99,December,sea
2014-12-22,47,43,51,35,45,14,57,1983,2005,0,0.17,1.28,December,sea
2014-12-23,48,41,54,35,45,9,58,1983,1950,0.81,0.17,1.14,December,sea
2014-12-24,42,39,45,35,45,16,62,1948,2005,0.21,0.17,0.75,December,sea
2014-12-25,42,37,46,35,45,24,60,1995,1980,0,0.17,1.06,December,sea
2014-12-26,39,35,42,36,45,22,62,1948,1980,0,0.17,2.14,December,sea
2014-12-27,45,40,49,36,45,20,58,1968,1994,0.13,0.17,1.53,December,sea
2014-12-28,41,37,44,36,45,12,56,1990,1980,0.16,0.16,0.89,December,sea
2014-12-29,38,33,43,36,45,8,54,1968,1949,0,0.16,1.92,December,sea
2014-12-30,33,28,38,36,45,6,56,1968,1958,0,0.16,1.06,December,sea
2014-12-31,33,27,38,36,46,13,56,1968,1963,0,0.16,1.3,December,sea
2015-1-1,34,26,42,36,46,10,58,1952,2006,0,0.18,1.37,January,sea
2015-1-2,37,32,42,36,46,6,56,1950,2003,0.06,0.18,1.77,January,sea
2015-1-3,38,35,41,36,46,6,58,1950,1984,0,0.19,1.01,January,sea
2015-1-4,45,38,51,36,46,14,61,1950,1984,0.4,0.19,1.56,January,sea
2015-1-5,52,49,54,36,46,15,55,1982,2006,0.32,0.18,1.33,January,sea
2015-1-6,49,43,54,37,46,14,57,1982,2003,0,0.19,1.22,January,sea
2015-1-7,44,42,46,37,46,19,59,1973,2002,0,0.19,2.29,January,sea
2015-1-8,41,35,46,37,46,18,54,1949,1953,0,0.2,1.13,January,sea
2015-1-9,44,38,50,37,46,13,56,1949,2003,0.01,0.19,2.83,January,sea
2015-1-10,45,43,46,37,47,12,59,1949,1981,0.23,0.2,0.94,January,sea
2015-1-11,47,45,49,37,47,12,59,1963,1987,0.06,0.19,1.26,January,sea
2015-1-12,46,40,52,37,47,13,59,1963,1986,0,0.19,1.3,January,sea
2015-1-13,43,37,49,37,47,11,56,1950,1986,0,0.18,1.63,January,sea
2015-1-14,38,33,43,37,47,8,59,1950,1968,0,0.19,1.61,January,sea
2015-1-15,40,34,46,37,47,15,58,1950,1974,0.38,0.19,1.68,January,sea
2015-1-16,48,42,53,37,47,13,55,1950,2011,0,0.2,1.78,January,sea
2015-1-17,47,38,56,37,47,15,56,1950,2015,1.03,0.19,2.39,January,sea
2015-1-18,51,45,57,37,48,9,60,1950,2005,0.84,0.19,2.98,January,sea
2015-1-19,47,43,50,37,48,18,62,1954,2005,0.02,0.18,2.26,January,sea
2015-1-20,44,38,50,37,48,16,64,1954,1981,0,0.19,1.66,January,sea
2015-1-21,38,31,45,37,48,13,62,1962,1981,0,0.17,1.64,January,sea
2015-1-22,46,43,49,37,48,19,60,1962,1981,0.03,0.17,1.29,January,sea
2015-1-23,51,47,54,37,48,16,56,1949,2001,0.23,0.17,1.36,January,sea
2015-1-24,55,52,58,37,48,10,58,1950,1995,0.02,0.16,1.36,January,sea
2015-1-25,54,45,63,37,48,7,63,1950,2015,0,0.17,0.93,January,sea
2015-1-26,52,43,61,37,48,9,61,1957,2015,0,0.16,1.03,January,sea
2015-1-27,50,47,52,37,48,11,58,1957,1952,0.03,0.16,1.61,January,sea
2015-1-28,48,41,54,37,48,7,57,1950,1976,0,0.16,1.23,January,sea
2015-1-29,46,38,54,37,49,6,60,1950,1992,0,0.16,1.63,January,sea
2015-1-30,41,34,47,37,49,7,59,1950,1992,0,0.15,1,January,sea
2015-1-31,42,38,45,37,49,0,61,1950,1960,0,0.16,1.93,January,sea
2015-2-1,45,40,49,37,49,1,63,1950,1962,0.06,0.13,1.34,February,sea
2015-2-2,47,41,52,37,49,8,64,1950,1962,0.29,0.13,1.32,February,sea
2015-2-3,46,42,50,37,49,8,63,1950,1992,0.05,0.14,1.29,February,sea
2015-2-4,46,40,51,37,49,7,63,1989,1993,0.33,0.13,0.91,February,sea
2015-2-5,52,47,56,37,49,14,62,1989,1987,1.03,0.14,1.03,February,sea
2015-2-6,54,50,58,37,49,18,64,1989,1993,0.68,0.13,1.54,February,sea
2015-2-7,52,49,54,37,49,20,66,1989,1963,0.93,0.14,2.58,February,sea
2015-2-8,53,47,59,37,49,22,68,1994,1963,0.14,0.13,3.06,February,sea
2015-2-9,52,47,56,37,49,26,62,1989,1968,0.24,0.13,2.98,February,sea
2015-2-10,51,47,55,37,49,24,65,1982,1963,0.01,0.13,0.96,February,sea
2015-2-11,49,42,55,37,50,23,62,1948,1963,0,0.13,0.81,February,sea
2015-2-12,56,49,62,37,50,21,66,1949,1963,0.04,0.12,1.23,February,sea
2015-2-13,52,44,60,37,50,18,60,1949,2015,0,0.13,1.4,February,sea
2015-2-14,51,44,58,37,50,22,63,1995,1991,0.01,0.11,0.74,February,sea
2015-2-15,47,39,54,37,50,13,65,1956,1996,0,0.12,0.94,February,sea
2015-2-16,51,42,59,37,50,13,59,1956,2015,0,0.12,1.83,February,sea
2015-2-17,51,40,61,37,50,23,61,1990,2015,0,0.12,0.68,February,sea
2015-2-18,47,40,54,37,50,20,62,1990,1977,0,0.11,1.63,February,sea
2015-2-19,49,47,51,37,50,22,67,1986,1977,0.18,0.12,1.76,February,sea
2015-2-20,49,45,52,37,50,25,62,1955,1977,0.03,0.12,0.74,February,sea
2015-2-21,48,42,54,37,51,25,67,1957,1973,0,0.12,0.97,February,sea
2015-2-22,46,38,53,37,51,30,64,2005,1966,0,0.12,0.71,February,sea
2015-2-23,44,33,55,37,51,27,61,2011,1983,0,0.11,1.16,February,sea
2015-2-24,44,36,52,37,51,24,62,2011,1949,0,0.12,1.55,February,sea
2015-2-25,47,44,50,37,51,20,64,2011,1992,0.16,0.13,0.98,February,sea
2015-2-26,50,46,53,37,51,18,67,1962,1992,0.37,0.12,1.19,February,sea
2015-2-27,47,44,50,37,51,20,70,1962,1968,0.72,0.13,2.23,February,sea
2015-2-28,46,38,54,38,51,24,68,1971,1968,0,0.12,1.46,February,sea
2015-3-1,43,34,52,38,52,23,62,1971,1968,0,0.13,0.84,March,sea
2015-3-2,46,40,52,38,52,22,64,1989,1990,0,0.14,1.16,March,sea
2015-3-3,42,32,51,38,52,20,69,1989,1965,0,0.12,2.08,March,sea
2015-3-4,43,31,55,38,52,11,68,1955,1965,0,0.13,0.92,March,sea
2015-3-5,47,37,56,38,52,13,66,1955,1965,0,0.13,2.7,March,sea
2015-3-6,49,38,59,38,52,26,68,1951,2007,0,0.12,1.18,March,sea
2015-3-7,51,39,62,38,52,26,66,1951,2001,0,0.12,0.67,March,sea
2015-3-8,51,39,63,38,53,28,67,1951,2005,0,0.12,1.27,March,sea
2015-3-9,49,40,58,39,53,28,67,1951,1995,0,0.12,1.47,March,sea
2015-3-10,49,41,56,39,53,20,68,1956,1979,0.03,0.12,0.87,March,sea
2015-3-11,53,48,58,39,53,23,65,1956,2005,0.1,0.12,1.01,March,sea
2015-3-12,57,49,64,39,53,25,68,1956,1998,0,0.13,0.99,March,sea
2015-3-13,55,46,63,39,53,28,70,1967,1979,0.08,0.12,0.7,March,sea
2015-3-14,53,49,57,39,53,26,64,1953,1996,0.67,0.13,0.76,March,sea
2015-3-15,47,43,51,39,54,30,65,1955,2010,2.2,0.12,2.2,March,sea
2015-3-16,50,43,57,39,54,29,66,1952,2007,0.04,0.12,1.09,March,sea
2015-3-17,48,40,56,40,54,27,65,1951,1972,0.03,0.12,1.05,March,sea
2015-3-18,53,45,60,40,54,29,70,1954,1996,0,0.12,1.86,March,sea
2015-3-19,54,47,60,40,54,27,63,1965,1951,0,0.11,1.27,March,sea
2015-3-20,53,48,57,40,54,26,69,1955,1968,0.16,0.12,0.76,March,sea
2015-3-21,52,47,56,40,55,29,69,1952,1992,0.15,0.12,2.04,March,sea
2015-3-22,48,43,53,40,55,28,68,1952,1979,0.04,0.13,1.81,March,sea
2015-3-23,47,42,52,40,55,28,68,1954,1979,0.32,0.12,0.94,March,sea
2015-3-24,49,43,55,40,55,30,68,1965,2010,0.3,0.11,0.98,March,sea
2015-3-25,52,45,58,40,55,31,64,1954,1969,0.2,0.12,0.62,March,sea
2015-3-26,60,50,69,40,55,32,70,1975,1969,0,0.11,1.51,March,sea
2015-3-27,57,48,65,41,55,26,71,1975,1994,0.04,0.11,0.64,March,sea
2015-3-28,55,49,60,41,56,26,73,1954,1994,0,0.11,0.87,March,sea
2015-3-29,54,48,60,41,56,24,78,1954,2004,0,0.11,1.08,March,sea
2015-3-30,58,51,64,41,56,27,72,1954,1995,0.07,0.11,0.65,March,sea
2015-3-31,49,43,55,41,56,30,75,1949,1987,0.04,0.11,0.57,March,sea
2015-4-1,49,42,55,41,56,29,82,1953,1987,0.2,0.11,1.13,April,sea
2015-4-2,49,42,56,41,56,30,76,1963,1992,0,0.11,0.92,April,sea
2015-4-3,47,41,52,41,56,32,71,1948,2004,0.06,0.11,1.46,April,sea
2015-4-4,47,39,55,41,57,31,75,1948,1966,0,0.11,2.64,April,sea
2015-4-5,50,37,62,41,57,29,73,1975,1966,0,0.1,0.79,April,sea
2015-4-6,51,44,57,41,57,31,78,1956,2007,0.04,0.1,0.63,April,sea
2015-4-7,51,44,58,41,57,29,78,1952,1996,0.02,0.1,1.54,April,sea
2015-4-8,53,43,63,41,57,29,70,1952,2012,0,0.1,0.83,April,sea
2015-4-9,53,43,63,41,57,34,73,1982,1959,0,0.1,0.96,April,sea
2015-4-10,52,46,57,42,57,30,74,1953,2004,0.43,0.09,0.78,April,sea
2015-4-11,48,42,53,42,58,35,80,1991,2004,0,0.1,1.04,April,sea
2015-4-12,49,42,56,42,58,33,79,1968,2008,0,0.09,0.83,April,sea
2015-4-13,46,39,53,42,58,33,75,1968,1980,0.55,0.09,1.45,April,sea
2015-4-14,45,37,53,42,58,33,83,1955,1984,0.13,0.1,0.52,April,sea
2015-4-15,48,38,57,42,58,33,74,1967,1999,0,0.09,0.75,April,sea
2015-4-16,52,39,64,42,59,34,81,1960,1999,0,0.09,0.95,April,sea
2015-4-17,55,43,66,42,59,33,74,1964,1983,0,0.09,0.73,April,sea
2015-4-18,57,47,66,42,59,34,77,1950,1962,0,0.09,0.4,April,sea
2015-4-19,59,47,70,42,59,33,74,1961,1950,0,0.09,1.85,April,sea
2015-4-20,60,46,73,43,59,30,74,1961,2009,0,0.08,0.45,April,sea
2015-4-21,54,44,63,43,59,29,76,1951,1982,0.22,0.09,0.87,April,sea
2015-4-22,51,41,60,43,60,35,78,1950,1977,0,0.08,1.28,April,sea
2015-4-23,49,44,54,43,60,31,72,1954,1977,0.12,0.08,1.71,April,sea
2015-4-24,49,43,54,43,60,30,76,1950,1977,0.13,0.08,0.7,April,sea
2015-4-25,49,42,56,43,60,34,77,1948,1992,0.05,0.07,0.52,April,sea
2015-4-26,50,40,60,44,61,32,78,1948,1987,0,0.08,0.37,April,sea
2015-4-27,64,51,77,44,61,31,81,1948,1987,0.01,0.08,0.7,April,sea
2015-4-28,54,48,60,44,61,31,76,1955,1968,0.07,0.07,0.44,April,sea
2015-4-29,53,45,61,44,61,31,80,1952,1976,0,0.07,1.06,April,sea
2015-4-30,55,46,63,44,61,32,85,1954,1976,0,0.07,0.87,April,sea
2015-5-1,57,48,65,44,62,28,85,1954,2014,0,0.07,0.81,May,sea
2015-5-2,56,46,65,45,62,33,74,1952,1966,0,0.06,0.47,May,sea
2015-5-3,58,46,69,45,62,35,77,1950,1992,0,0.07,1.31,May,sea
2015-5-4,54,45,63,45,62,33,85,1962,1992,0,0.06,0.66,May,sea
2015-5-5,52,45,58,45,63,36,86,1965,1953,0.24,0.07,0.59,May,sea
2015-5-6,54,45,62,45,63,36,87,1965,2013,0,0.07,0.89,May,sea
2015-5-7,56,43,69,46,63,33,81,1962,1987,0,0.06,0.66,May,sea
2015-5-8,61,47,75,46,63,36,84,1999,1969,0,0.06,0.54,May,sea
2015-5-9,65,49,80,46,63,38,81,1999,1976,0,0.06,0.74,May,sea
2015-5-10,60,52,67,46,64,38,80,1999,1993,0,0.07,0.61,May,sea
2015-5-11,54,50,57,46,64,35,87,1953,1971,0,0.06,0.47,May,sea
2015-5-12,56,51,60,47,64,38,81,1964,1959,0.17,0.06,0.71,May,sea
2015-5-13,52,50,54,47,64,37,84,1956,1973,0.16,0.06,0.44,May,sea
2015-5-14,57,49,64,47,65,36,87,1964,1973,0.01,0.06,0.97,May,sea
2015-5-15,59,49,68,47,65,38,85,1964,2007,0,0.06,0.81,May,sea
2015-5-16,56,52,60,47,65,40,84,2003,1985,0,0.06,0.64,May,sea
2015-5-17,59,51,67,48,65,39,90,1966,2008,0,0.06,0.72,May,sea
2015-5-18,66,54,78,48,65,37,89,1950,1958,0,0.06,0.72,May,sea
2015-5-19,62,53,71,48,65,38,88,1975,1963,0,0.06,0.7,May,sea
2015-5-20,63,51,74,48,66,40,92,1960,1963,0,0.06,0.56,May,sea
2015-5-21,66,53,78,48,66,39,93,1960,1963,0,0.06,0.55,May,sea
2015-5-22,58,53,62,49,66,37,86,1960,1969,0,0.06,0.67,May,sea
2015-5-23,57,53,61,49,66,37,90,1950,1969,0,0.06,0.7,May,sea
2015-5-24,58,52,64,49,66,37,89,1950,1992,0,0.06,0.65,May,sea
2015-5-25,56,52,60,49,66,37,84,1964,2001,0,0.06,0.41,May,sea
2015-5-26,62,53,71,49,67,40,89,1952,2005,0,0.07,0.61,May,sea
2015-5-27,65,53,76,49,67,37,89,1966,2005,0,0.06,0.83,May,sea
2015-5-28,68,54,82,50,67,38,92,1954,1983,0,0.07,0.88,May,sea
2015-5-29,67,55,79,50,67,35,85,1951,1973,0,0.06,1.83,May,sea
2015-5-30,62,50,73,50,67,36,87,1951,1956,0,0.07,1.06,May,sea
2015-5-31,65,53,77,50,67,35,90,1953,1964,0,0.06,0.97,May,sea
2015-6-1,57,53,61,50,67,40,94,1951,1970,0.18,0.07,1.75,June,sea
2015-6-2,60,55,64,50,68,40,94,1951,1970,0.02,0.06,0.48,June,sea
2015-6-3,61,53,68,50,68,42,89,1962,2009,0,0.06,1.08,June,sea
2015-6-4,63,53,73,50,68,41,91,1962,2009,0,0.07,0.83,June,sea
2015-6-5,68,55,80,51,68,41,92,1953,1978,0,0.06,0.63,June,sea
2015-6-6,71,56,85,51,68,42,90,1962,2003,0,0.06,1.54,June,sea
2015-6-7,74,60,88,51,68,44,90,2002,2003,0,0.06,0.81,June,sea
2015-6-8,73,58,87,51,69,42,87,2002,1948,0,0.07,0.81,June,sea
2015-6-9,71,58,84,51,69,44,96,1971,1955,0,0.06,0.72,June,sea
2015-6-10,65,52,78,51,69,44,83,2008,1982,0,0.06,0.88,June,sea
2015-6-11,64,52,76,51,69,40,84,1952,1989,0,0.06,1.16,June,sea
2015-6-12,61,53,68,51,69,38,85,1952,1999,0,0.06,0.6,June,sea
2015-6-13,62,49,75,52,69,42,94,1952,2002,0,0.05,0.37,June,sea
2015-6-14,68,53,82,52,70,43,86,1955,1988,0,0.06,0.39,June,sea
2015-6-15,74,61,86,52,70,43,88,1949,1963,0,0.05,0.37,June,sea
2015-6-16,63,52,73,52,70,42,88,1954,1961,0,0.06,0.52,June,sea
2015-6-17,65,52,77,52,70,43,91,1954,1969,0,0.05,0.51,June,sea
2015-6-18,67,57,76,52,70,43,94,1954,1982,0,0.05,0.41,June,sea
2015-6-19,66,56,75,52,70,43,92,1951,1982,0.02,0.05,0.33,June,sea
2015-6-20,66,55,77,53,71,43,88,1960,2004,0,0.05,1.14,June,sea
2015-6-21,68,57,78,53,71,45,89,1960,1992,0,0.05,1,June,sea
2015-6-22,66,55,77,53,71,45,92,1952,1992,0,0.04,0.62,June,sea
2015-6-23,66,53,79,53,71,40,92,1952,1992,0,0.04,0.58,June,sea
2015-6-24,70,61,78,53,72,45,92,1952,1992,0,0.05,1,June,sea
2015-6-25,74,60,87,53,72,45,88,1949,2006,0,0.04,0.39,June,sea
2015-6-26,77,64,89,53,72,46,90,1949,2006,0,0.03,0.32,June,sea
2015-6-27,78,63,92,53,72,45,92,1949,2015,0,0.04,0.61,June,sea
2015-6-28,74,65,83,54,72,45,91,1949,1995,0.01,0.04,0.79,June,sea
2015-6-29,74,63,84,54,73,45,93,1949,1987,0,0.03,0.64,June,sea
2015-6-30,73,59,87,54,73,43,96,1949,1995,0,0.04,0.84,June,sea
2014-7-1,81,72,89,68,83,52,100,1943,1901,0,0.12,2.17,July,nyc
2014-7-2,82,72,91,68,83,56,100,2001,1966,0.96,0.13,1.79,July,nyc
2014-7-3,78,69,87,68,83,54,103,1933,1966,1.78,0.12,2.8,July,nyc
2014-7-4,70,65,74,68,84,55,102,1986,1949,0.14,0.13,1.76,July,nyc
2014-7-5,72,63,81,68,84,53,101,1979,1999,0,0.12,3.07,July,nyc
2014-7-6,75,66,84,68,84,54,103,1979,2010,0,0.13,1.97,July,nyc
2014-7-7,81,72,90,68,84,56,100,1914,2010,0.04,0.13,3.13,July,nyc
2014-7-8,81,71,91,69,84,56,100,1894,1993,0.39,0.14,1.8,July,nyc
2014-7-9,80,71,88,69,84,54,106,1963,1936,0.09,0.14,1.09,July,nyc
2014-7-10,78,72,83,69,84,55,102,1890,1993,0,0.15,1.79,July,nyc
2014-7-11,79,71,86,69,84,57,98,1898,1988,0,0.15,1.94,July,nyc
2014-7-12,78,71,85,69,84,57,99,1926,1966,0,0.15,2.68,July,nyc
2014-7-13,78,72,83,69,84,54,101,1888,1966,0.03,0.17,3.16,July,nyc
2014-7-14,78,72,84,69,84,58,100,1926,1954,0.46,0.16,1.6,July,nyc
2014-7-15,79,72,86,69,84,57,102,1930,1995,1.3,0.15,2.33,July,nyc
2014-7-16,75,68,81,69,84,56,99,1946,1980,0,0.16,1.38,July,nyc
2014-7-17,74,67,81,69,84,57,100,1892,1953,0,0.15,3.13,July,nyc
2014-7-18,73,64,81,69,84,57,101,1925,1953,0,0.15,1.76,July,nyc
2014-7-19,72,68,76,69,84,57,102,1924,1977,0,0.16,1.82,July,nyc
2014-7-20,72,66,78,69,84,55,101,1890,1980,0,0.15,1.97,July,nyc
2014-7-21,76,67,85,69,84,55,104,1890,1977,0,0.15,2.26,July,nyc
2014-7-22,79,71,86,69,84,55,104,1873,2011,0,0.14,1.86,July,nyc
2014-7-23,80,72,88,69,84,58,100,1890,2011,0.19,0.15,2.41,July,nyc
2014-7-24,75,70,80,69,84,56,97,1893,1999,0,0.15,3.75,July,nyc
2014-7-25,74,66,82,69,84,57,97,1953,1999,0,0.15,1.64,July,nyc
2014-7-26,75,69,81,69,84,55,98,1920,1940,0,0.16,3.8,July,nyc
2014-7-27,78,71,85,69,84,55,98,1920,1963,0.02,0.16,2.65,July,nyc
2014-7-28,75,68,82,69,84,57,97,1903,1999,0.19,0.17,3.11,July,nyc
2014-7-29,70,64,76,69,84,59,99,1914,1949,0,0.17,3.47,July,nyc
2014-7-30,72,63,80,69,84,57,98,1956,1988,0,0.17,3.56,July,nyc
2014-7-31,75,68,82,69,84,57,102,1914,1933,0,0.17,2.29,July,nyc
2014-8-1,78,71,84,69,84,59,100,1964,1933,0,0.16,2.85,August,nyc
2014-8-2,69,63,74,69,84,58,100,1924,1955,0.41,0.16,2.49,August,nyc
2014-8-3,71,66,76,69,84,55,97,1927,2005,0.07,0.17,2.71,August,nyc
2014-8-4,77,70,84,69,84,56,100,1886,1944,0,0.16,3.25,August,nyc
2014-8-5,81,71,90,69,84,56,101,1951,1944,0,0.16,1.44,August,nyc
2014-8-6,77,70,83,69,84,57,97,1994,1955,0,0.16,3.31,August,nyc
2014-8-7,75,66,83,69,84,57,104,1994,1918,0,0.15,2.18,August,nyc
2014-8-8,74,65,83,69,84,54,99,1903,2001,0,0.15,2.6,August,nyc
2014-8-9,77,66,87,69,84,57,103,1989,2001,0,0.15,4.1,August,nyc
2014-8-10,78,68,88,69,83,55,98,1879,1949,0,0.14,4.64,August,nyc
2014-8-11,79,71,87,69,83,56,102,1962,1944,0,0.14,2.39,August,nyc
2014-8-12,75,70,79,68,83,55,97,1889,1944,0.19,0.14,3.62,August,nyc
2014-8-13,75,68,82,68,83,55,99,1930,2005,0.53,0.14,2.7,August,nyc
2014-8-14,70,63,77,68,83,54,99,1964,1988,0,0.15,5.81,August,nyc
2014-8-15,67,61,73,68,83,54,97,1964,1988,0,0.14,1.52,August,nyc
2014-8-16,71,63,78,68,83,55,96,1880,1944,0,0.15,4.8,August,nyc
2014-8-17,74,66,82,68,83,56,95,1979,1944,0.01,0.14,2.86,August,nyc
2014-8-18,72,63,81,68,83,55,94,1915,2002,0,0.14,3.95,August,nyc
2014-8-19,73,63,83,68,83,55,94,1924,2002,0,0.15,2.53,August,nyc
2014-8-20,77,70,84,68,82,55,97,1949,1955,0,0.14,3.63,August,nyc
2014-8-21,74,65,83,68,82,53,96,1922,1955,0.35,0.15,4.19,August,nyc
2014-8-22,72,65,79,67,82,52,95,1895,1916,0.06,0.14,1.85,August,nyc
2014-8-23,72,67,77,67,82,51,92,1923,1916,0.01,0.14,3.03,August,nyc
2014-8-24,72,64,80,67,82,52,94,1890,1972,0,0.14,3.61,August,nyc
2014-8-25,76,64,88,67,82,52,95,1940,1948,0,0.14,1.86,August,nyc
2014-8-26,80,70,89,67,81,53,103,1887,1948,0,0.12,3.24,August,nyc
2014-8-27,80,70,90,67,81,50,101,1885,1948,0,0.13,4.16,August,nyc
2014-8-28,74,66,82,66,81,50,100,1885,1948,0,0.13,3.99,August,nyc
2014-8-29,71,61,80,66,81,50,99,1986,1953,0,0.12,2.68,August,nyc
2014-8-30,73,65,80,66,81,50,98,1965,1973,0,0.12,2.3,August,nyc
2014-8-31,82,73,90,66,80,50,100,1976,1953,0.62,0.12,3.76,August,nyc
2014-9-1,82,75,88,66,80,51,97,1872,1953,0,0.13,3.84,September,nyc
2014-9-2,85,77,92,65,80,51,102,1886,1953,0,0.13,2.12,September,nyc
2014-9-3,79,72,86,65,80,50,99,1893,1929,0,0.13,3.32,September,nyc
2014-9-4,78,69,87,65,79,47,97,1883,1929,0,0.14,3.48,September,nyc
2014-9-5,80,72,87,64,79,51,94,1963,1985,0,0.13,2.45,September,nyc
2014-9-6,79,67,91,64,79,48,97,1924,1881,0.11,0.13,3.26,September,nyc
2014-9-7,73,65,81,64,78,46,101,1888,1881,0,0.14,2.07,September,nyc
2014-9-8,70,65,75,64,78,54,93,1955,1919,0,0.13,4.86,September,nyc
2014-9-9,68,63,73,63,78,48,94,1883,1915,0,0.13,0.86,September,nyc
2014-9-10,72,63,80,63,77,43,97,1883,1983,0,0.13,1.38,September,nyc
2014-9-11,76,69,83,63,77,43,99,1917,1983,0,0.13,2.9,September,nyc
2014-9-12,70,62,78,62,77,46,94,1917,1961,0,0.14,2.35,September,nyc
2014-9-13,64,58,69,62,76,46,94,1963,1952,0.26,0.14,3.94,September,nyc
2014-9-14,62,53,71,62,76,46,93,1975,1931,0,0.14,3.82,September,nyc
2014-9-15,63,55,71,61,76,45,92,1913,1927,0,0.15,4.16,September,nyc
2014-9-16,64,58,70,61,75,47,93,1966,1915,0.37,0.15,5.02,September,nyc
2014-9-17,64,55,73,61,75,45,93,1986,1991,0,0.15,3.37,September,nyc
2014-9-18,67,57,76,60,75,44,91,1990,1891,0,0.15,3.92,September,nyc
2014-9-19,60,54,66,60,74,44,94,1929,1983,0,0.15,4.3,September,nyc
2014-9-20,66,57,75,59,74,44,93,1993,1983,0,0.15,2.32,September,nyc
2014-9-21,71,67,75,59,73,40,95,1871,1895,0.15,0.15,5.54,September,nyc
2014-9-22,63,55,71,59,73,41,95,1904,1914,0,0.15,2.34,September,nyc
2014-9-23,62,52,71,58,73,41,97,1947,1895,0,0.14,8.28,September,nyc
2014-9-24,65,58,71,58,72,40,89,1963,1959,0,0.15,2.26,September,nyc
2014-9-25,61,57,64,57,72,40,90,1887,1970,0.32,0.14,2.36,September,nyc
2014-9-26,68,58,77,57,71,42,91,1940,1970,0,0.15,2.34,September,nyc
2014-9-27,72,60,83,57,71,41,90,1957,1933,0,0.15,3.13,September,nyc
2014-9-28,74,64,84,56,70,41,88,1947,1881,0,0.16,3.84,September,nyc
2014-9-29,73,67,79,56,70,42,88,1942,1945,0,0.16,2.18,September,nyc
2014-9-30,67,62,71,55,70,39,89,1912,1986,0,0.16,2.64,September,nyc
2014-10-1,63,61,65,55,69,36,88,1947,1927,0.02,0.15,4.98,October,nyc
2014-10-2,66,61,70,55,69,39,90,1886,1927,0,0.14,2.16,October,nyc
2014-10-3,64,56,71,54,68,38,87,1974,1919,0,0.14,1.55,October,nyc
2014-10-4,61,52,69,54,68,37,88,1888,1941,1.18,0.13,4.05,October,nyc
2014-10-5,54,46,61,54,68,35,94,1881,1941,0,0.15,1.99,October,nyc
2014-10-6,60,50,69,53,67,36,90,1881,1941,0,0.14,2.39,October,nyc
2014-10-7,67,63,71,53,67,39,88,1999,1944,0.06,0.15,4.09,October,nyc
2014-10-8,68,62,73,52,67,37,87,1988,2007,0.04,0.14,4.3,October,nyc
2014-10-9,62,55,68,52,66,37,86,2000,1916,0,0.15,7.33,October,nyc
2014-10-10,58,52,64,52,66,35,91,1888,1939,0,0.16,2.16,October,nyc
2014-10-11,55,50,60,51,65,34,85,1964,1949,0.33,0.15,3.06,October,nyc
2014-10-12,56,48,63,51,65,35,86,1876,1954,0,0.14,4.26,October,nyc
2014-10-13,59,52,65,51,65,33,87,1875,1954,0.05,0.14,2.75,October,nyc
2014-10-14,70,63,76,50,64,37,84,1988,1920,0,0.15,1.76,October,nyc
2014-10-15,73,69,77,50,64,32,84,1876,1956,0.69,0.14,1.7,October,nyc
2014-10-16,66,61,71,50,64,34,87,1876,1897,1.11,0.14,2.15,October,nyc
2014-10-17,65,59,71,50,63,33,90,1886,1938,0,0.14,2.28,October,nyc
2014-10-18,63,56,70,49,63,35,82,1974,1928,0,0.14,2.45,October,nyc
2014-10-19,50,44,56,49,63,30,83,1940,1963,0,0.14,4.35,October,nyc
2014-10-20,51,42,60,49,62,31,80,1974,1969,0,0.14,2.78,October,nyc
2014-10-21,61,55,67,48,62,32,84,1974,1920,0.11,0.14,2.17,October,nyc
2014-10-22,54,50,58,48,62,30,88,1940,1979,1.51,0.15,1.51,October,nyc
2014-10-23,52,50,53,48,61,32,85,1969,1947,0.61,0.14,2.97,October,nyc
2014-10-24,57,51,63,48,61,31,79,1969,2001,0,0.14,2.51,October,nyc
2014-10-25,59,50,67,47,61,29,79,1879,1963,0.01,0.15,3.3,October,nyc
2014-10-26,58,53,63,47,61,30,78,1879,1964,0,0.13,3.4,October,nyc
2014-10-27,56,48,63,47,60,28,82,1936,1963,0,0.14,1.88,October,nyc
2014-10-28,63,53,72,47,60,29,83,1976,1919,0,0.13,2.49,October,nyc
2014-10-29,62,51,72,46,60,31,78,1925,1971,0,0.14,3.67,October,nyc
2014-10-30,53,47,59,46,59,31,82,1925,1961,0,0.13,1.64,October,nyc
2014-10-31,50,45,55,46,59,29,81,1925,1946,0.05,0.14,2.41,October,nyc
2014-11-1,45,42,47,46,59,30,84,1885,1950,0.35,0.14,1.69,November,nyc
2014-11-2,45,41,48,45,58,30,83,1887,1950,0,0.14,1.7,November,nyc
2014-11-3,50,39,61,45,58,28,79,1875,2003,0,0.13,2.6,November,nyc
2014-11-4,61,53,68,45,58,25,78,1879,1975,0,0.13,1.44,November,nyc
2014-11-5,60,56,64,45,57,23,78,1879,1961,0,0.13,1.94,November,nyc
2014-11-6,53,48,57,44,57,27,74,1879,1948,0.37,0.14,1.47,November,nyc
2014-11-7,47,40,53,44,57,29,78,1930,1938,0,0.13,2.96,November,nyc
2014-11-8,42,36,48,44,57,29,76,1886,1975,0,0.12,7.4,November,nyc
2014-11-9,52,46,57,44,56,24,75,1976,1975,0,0.13,3.65,November,nyc
2014-11-10,53,44,61,43,56,27,73,1914,1985,0,0.13,1.7,November,nyc
2014-11-11,57,49,64,43,56,28,74,1933,1949,0,0.12,1.41,November,nyc
2014-11-12,56,47,65,43,55,26,76,1926,1879,0,0.12,2.39,November,nyc
2014-11-13,42,36,48,43,55,22,73,1873,1931,0.2,0.13,2.06,November,nyc
2014-11-14,39,35,42,42,55,20,72,1905,1993,0.06,0.13,2.23,November,nyc
2014-11-15,38,33,42,42,54,20,80,1967,1993,0,0.13,2.43,November,nyc
2014-11-16,40,35,45,42,54,17,72,1933,1928,0.03,0.13,2.39,November,nyc
2014-11-17,46,40,52,41,53,19,71,1933,1953,1.54,0.14,1.54,November,nyc
2014-11-18,35,24,45,41,53,18,73,1936,1928,0,0.14,1.24,November,nyc
2014-11-19,29,22,36,41,53,18,72,1936,1921,0,0.14,1.95,November,nyc
2014-11-20,38,31,45,40,52,20,77,1873,1985,0,0.13,3.37,November,nyc
2014-11-21,33,28,37,40,52,16,74,1879,1900,0,0.14,1.33,November,nyc
2014-11-22,36,28,44,40,52,13,72,1880,1931,0,0.14,2.03,November,nyc
2014-11-23,50,43,57,40,51,14,72,1880,1931,0,0.14,1.84,November,nyc
2014-11-24,61,53,69,39,51,14,73,1880,1979,0.7,0.14,1.95,November,nyc
2014-11-25,60,51,68,39,50,19,73,1938,1979,0,0.13,1.36,November,nyc
2014-11-26,43,34,51,39,50,16,67,1938,1946,1.24,0.14,1.91,November,nyc
2014-11-27,36,34,38,38,50,12,72,1932,1896,0.02,0.13,2.15,November,nyc
2014-11-28,33,29,37,38,49,15,70,1930,2011,0,0.14,2.14,November,nyc
2014-11-29,36,27,45,38,49,15,69,1872,1990,0,0.14,2.01,November,nyc
2014-11-30,50,45,55,37,49,7,70,1875,1991,0,0.15,1.11,November,nyc
2014-12-1,54,42,65,37,48,9,70,1875,2006,0.09,0.14,1.72,December,nyc
2014-12-2,39,35,43,37,48,12,66,1875,1970,0.08,0.14,2.16,December,nyc
2014-12-3,44,41,46,36,47,9,69,1976,1998,0.06,0.15,1.63,December,nyc
2014-12-4,41,37,45,36,47,10,74,1882,1998,0,0.14,1.84,December,nyc
2014-12-5,39,34,44,35,47,11,70,1926,2001,0.51,0.14,1.28,December,nyc
2014-12-6,45,39,50,35,46,11,71,1871,2001,1.22,0.13,1.6,December,nyc
2014-12-7,36,30,42,35,46,10,75,1926,1998,0.04,0.14,1.98,December,nyc
2014-12-8,31,24,37,34,45,10,65,1882,1927,0,0.14,1.54,December,nyc
2014-12-9,39,36,42,34,45,7,66,1876,1966,2.54,0.13,2.54,December,nyc
2014-12-10,36,32,40,34,45,3,70,1876,1946,0.08,0.14,1.62,December,nyc
2014-12-11,35,31,38,33,44,6,64,1880,1879,0.01,0.14,2.41,December,nyc
2014-12-12,35,32,38,33,44,5,68,1988,1931,0,0.13,1.6,December,nyc
2014-12-13,39,34,44,33,44,8,64,1960,1923,0,0.13,3.03,December,nyc
2014-12-14,42,38,46,32,43,12,67,1976,1881,0,0.13,2.22,December,nyc
2014-12-15,43,37,48,32,43,6,67,1874,2008,0,0.13,1.34,December,nyc
2014-12-16,44,38,49,32,43,7,63,1876,1971,0.2,0.12,2.25,December,nyc
2014-12-17,48,42,54,32,42,1,62,1919,2000,0.02,0.13,2.28,December,nyc
2014-12-18,40,37,42,31,42,-1,63,1919,1984,0,0.12,1.3,December,nyc
2014-12-19,35,31,38,31,42,-1,58,1884,1931,0,0.12,1.58,December,nyc
2014-12-20,32,30,33,31,42,-4,60,1942,2002,0,0.12,1.82,December,nyc
2014-12-21,34,31,36,30,41,-1,65,1942,2013,0,0.13,2.49,December,nyc
2014-12-22,40,35,44,30,41,2,71,1872,2013,0.04,0.12,2.18,December,nyc
2014-12-23,45,43,46,30,41,-1,66,1883,1990,0.16,0.13,1.61,December,nyc
2014-12-24,51,44,58,30,41,6,63,1983,1996,0.8,0.13,1.42,December,nyc
2014-12-25,53,44,62,29,40,-1,64,1980,1982,0.09,0.13,1.3,December,nyc
2014-12-26,45,40,50,29,40,3,63,1914,1982,0,0.12,1.66,December,nyc
2014-12-27,50,44,55,29,40,6,63,1872,1949,0,0.12,2.14,December,nyc
2014-12-28,49,43,54,29,40,8,65,1917,1982,0.1,0.12,1.35,December,nyc
2014-12-29,39,34,44,28,39,-6,70,1917,1984,0,0.11,2.52,December,nyc
2014-12-30,31,28,34,28,39,-13,65,1917,1984,0,0.12,1.69,December,nyc
2014-12-31,30,27,32,28,39,-7,63,1917,1965,0,0.11,2.31,December,nyc
2015-1-1,33,27,39,28,39,-4,62,1918,1966,0,0.12,2.05,January,nyc
2015-1-2,39,35,42,28,39,2,68,1918,1876,0,0.12,1.92,January,nyc
2015-1-3,38,33,42,28,39,-4,64,1879,2000,0.71,0.12,2.42,January,nyc
2015-1-4,49,41,56,27,39,-3,66,1918,1950,0.3,0.12,2.73,January,nyc
2015-1-5,35,21,49,27,38,-4,64,1904,1993,0,0.12,1.5,January,nyc
2015-1-6,21,19,22,27,38,-2,72,1896,2007,0.05,0.13,1.65,January,nyc
2015-1-7,16,9,23,27,38,4,64,2014,1907,0,0.12,2.67,January,nyc
2015-1-8,15,8,21,27,38,2,65,1968,1998,0,0.11,1.25,January,nyc
2015-1-9,26,19,33,27,38,-1,64,1968,1937,0.07,0.13,1.42,January,nyc
2015-1-10,20,16,23,27,38,-6,60,1875,1876,0,0.12,1.72,January,nyc
2015-1-11,28,18,37,27,38,3,63,1968,1975,0,0.12,1.46,January,nyc
2015-1-12,37,35,39,27,38,2,64,1981,1890,0.36,0.13,2.35,January,nyc
2015-1-13,27,17,36,27,38,-3,68,1914,1932,0,0.12,1.44,January,nyc
2015-1-14,24,16,32,27,38,-5,70,1914,1932,0,0.12,2.06,January,nyc
2015-1-15,30,25,35,27,38,0,67,1957,1932,0,0.13,1.27,January,nyc
2015-1-16,32,20,43,27,38,1,58,2004,1995,0,0.12,1.44,January,nyc
2015-1-17,25,17,32,27,38,-2,63,1977,1990,0,0.12,1.36,January,nyc
2015-1-18,37,31,42,27,38,0,66,1982,1990,2.1,0.11,2.1,January,nyc
2015-1-19,39,36,42,27,38,-3,64,1875,1951,0,0.12,2.39,January,nyc
2015-1-20,36,32,40,27,38,0,61,1994,2006,0,0.11,1.41,January,nyc
2015-1-21,31,25,36,27,38,-2,63,1985,2006,0,0.12,3.45,January,nyc
2015-1-22,36,31,40,27,38,0,61,1888,1959,0,0.12,1.7,January,nyc
2015-1-23,34,28,39,27,38,-3,62,1936,1906,0,0.11,2.55,January,nyc
2015-1-24,36,33,39,27,38,-6,68,1882,1967,0.72,0.11,2.18,January,nyc
2015-1-25,37,31,42,27,38,2,60,1945,1967,0,0.11,1.8,January,nyc
2015-1-26,27,22,31,27,39,3,72,1927,1950,0.48,0.11,2.19,January,nyc
2015-1-27,25,20,30,27,39,-1,69,1927,1916,0.36,0.11,1.94,January,nyc
2015-1-28,25,16,34,27,39,-2,66,1925,1916,0,0.11,1.87,January,nyc
2015-1-29,28,19,36,27,39,0,69,1873,2002,0.02,0.11,1.03,January,nyc
2015-1-30,29,19,38,27,39,2,64,1873,2006,0.06,0.11,1.19,January,nyc
2015-1-31,20,13,26,27,39,-1,63,1920,1947,0,0.12,1.51,January,nyc
2015-2-1,28,20,36,27,39,-2,67,1920,1989,0.03,0.11,2.12,February,nyc
2015-2-2,24,14,34,27,39,-3,59,1881,1988,1.02,0.11,2.98,February,nyc
2015-2-3,20,13,26,27,39,0,64,1955,1991,0,0.11,1.55,February,nyc
2015-2-4,34,24,43,28,40,0,68,1918,1991,0,0.1,2.1,February,nyc
2015-2-5,28,14,42,28,40,-6,70,1918,1991,0,0.11,1.43,February,nyc
2015-2-6,20,12,27,28,40,-4,68,1895,2008,0,0.11,2.74,February,nyc
2015-2-7,33,25,40,28,40,1,54,1910,1938,0.02,0.11,2.96,February,nyc
2015-2-8,33,29,37,28,40,-7,61,1934,1965,0,0.11,1.15,February,nyc
2015-2-9,27,25,29,28,40,-15,63,1934,1990,0.09,0.1,1.74,February,nyc
2015-2-10,33,26,40,28,41,-6,61,1899,2001,0.01,0.11,2.63,February,nyc
2015-2-11,28,22,34,28,41,-2,65,1899,1960,0,0.1,2.74,February,nyc
2015-2-12,28,16,40,28,41,-3,62,1914,1999,0,0.11,1.66,February,nyc
2015-2-13,15,8,21,29,41,-1,64,1914,1951,0,0.1,2.42,February,nyc
2015-2-14,24,16,32,29,41,2,63,1916,1946,0.02,0.11,1.59,February,nyc
2015-2-15,15,4,25,29,42,-8,73,1943,1949,0,0.1,1.73,February,nyc
2015-2-16,12,3,21,29,42,1,71,1888,1954,0,0.12,1.4,February,nyc
2015-2-17,21,14,27,29,42,-5,67,1896,1976,0.14,0.11,1.49,February,nyc
2015-2-18,26,19,33,29,42,0,68,1979,1981,0,0.11,1.5,February,nyc
2015-2-19,18,8,27,30,42,1,66,1936,1997,0,0.11,2.15,February,nyc
2015-2-20,11,2,19,30,43,2,69,2015,1939,0,0.11,3.07,February,nyc
2015-2-21,23,13,32,30,43,4,68,1896,1930,0.61,0.11,1.86,February,nyc
2015-2-22,38,32,43,30,43,8,69,1963,1997,0.1,0.11,2.39,February,nyc
2015-2-23,23,8,38,30,43,5,70,1889,1985,0,0.12,1.38,February,nyc
2015-2-24,14,4,24,30,44,-4,75,1873,1985,0,0.12,1.69,February,nyc
2015-2-25,29,20,37,31,44,1,75,1914,1930,0,0.11,2.11,February,nyc
2015-2-26,27,21,32,31,44,7,65,1990,1890,0,0.12,1.87,February,nyc
2015-2-27,24,18,30,31,44,5,72,1900,1997,0,0.12,1.56,February,nyc
2015-2-28,21,13,29,31,45,5,67,1934,1976,0,0.12,1.21,February,nyc
2015-3-1,28,24,31,31,45,5,73,1884,1972,0.52,0.13,2.95,March,nyc
2015-3-2,33,27,39,32,45,9,72,1891,1972,0,0.12,2.41,March,nyc
2015-3-3,30,22,37,32,45,11,65,2003,1991,0.67,0.12,2.25,March,nyc
2015-3-4,40,35,45,32,46,7,70,1943,1974,0.25,0.13,1.65,March,nyc
2015-3-5,30,19,40,32,46,3,72,1872,1880,0.76,0.13,1.81,March,nyc
2015-3-6,20,12,27,32,46,6,68,1872,1935,0,0.13,2.63,March,nyc
2015-3-7,28,18,38,33,47,7,74,1890,1946,0,0.13,1.87,March,nyc
2015-3-8,43,37,49,33,47,8,76,1883,1987,0,0.14,1.78,March,nyc
2015-3-9,47,40,54,33,47,11,69,1996,2000,0.01,0.13,1.82,March,nyc
2015-3-10,46,39,53,33,48,12,74,1929,2006,0.46,0.13,1.62,March,nyc
2015-3-11,52,44,59,34,48,14,73,1960,1977,0.01,0.13,2.94,March,nyc
2015-3-12,42,36,47,34,48,8,71,1888,1890,0,0.13,2.33,March,nyc
2015-3-13,37,31,43,34,49,6,85,1888,1990,0,0.12,3.86,March,nyc
2015-3-14,46,40,51,35,49,15,75,1896,1946,0.81,0.14,1.02,March,nyc
2015-3-15,40,36,44,35,49,14,77,1993,1990,0,0.14,1.81,March,nyc
2015-3-16,44,35,52,35,50,13,82,1911,1990,0,0.14,2.03,March,nyc
2015-3-17,46,34,57,35,50,9,75,1916,1945,0.02,0.15,1.42,March,nyc
2015-3-18,34,29,39,36,50,7,77,1916,1989,0,0.14,3.1,March,nyc
2015-3-19,36,29,43,36,51,8,76,1967,1918,0,0.15,2.19,March,nyc
2015-3-20,34,29,38,36,51,11,83,1885,1945,0.4,0.15,1.93,March,nyc
2015-3-21,38,29,47,37,51,10,84,1885,1921,0,0.15,2.37,March,nyc
2015-3-22,36,28,43,37,52,12,78,1885,2012,0,0.15,3.44,March,nyc
2015-3-23,31,23,38,37,52,12,76,1875,1923,0,0.16,1.6,March,nyc
2015-3-24,36,26,45,37,52,12,76,1888,1988,0,0.15,2.05,March,nyc
2015-3-25,42,34,49,38,53,13,79,1878,1963,0.05,0.15,4.25,March,nyc
2015-3-26,52,42,62,38,53,20,76,1960,1922,0.32,0.15,1.42,March,nyc
2015-3-27,43,39,46,38,54,20,83,1894,1998,0.27,0.16,1.79,March,nyc
2015-3-28,33,26,40,39,54,13,84,1923,1945,0,0.15,2.98,March,nyc
2015-3-29,36,25,46,39,54,10,86,1923,1945,0,0.15,2.03,March,nyc
2015-3-30,45,36,54,39,55,16,82,1887,1998,0,0.16,2.45,March,nyc
2015-3-31,41,35,47,40,55,14,86,1923,1998,0.17,0.15,2.2,March,nyc
2015-4-1,42,32,51,40,56,12,83,1923,1917,0,0.16,1.89,April,nyc
2015-4-2,54,41,67,40,56,22,81,1919,1967,0,0.16,1.93,April,nyc
2015-4-3,62,59,64,41,56,24,81,1954,1981,0.04,0.16,1.9,April,nyc
2015-4-4,51,42,60,41,57,21,80,1874,1892,0.01,0.16,1.99,April,nyc
2015-4-5,52,42,61,41,57,20,80,1874,1928,0,0.16,2.76,April,nyc
2015-4-6,53,42,63,42,58,21,79,1982,1947,0,0.15,2.52,April,nyc
2015-4-7,52,42,62,42,58,21,92,1982,2010,0.15,0.16,1.35,April,nyc
2015-4-8,41,37,45,42,58,25,90,1982,1991,0,0.15,1.93,April,nyc
2015-4-9,40,37,43,43,59,25,86,1977,1991,0,0.16,3.42,April,nyc
2015-4-10,48,39,56,43,59,28,86,1997,1922,0.17,0.17,4.31,April,nyc
2015-4-11,51,44,57,43,60,24,84,1909,1955,0,0.16,1.1,April,nyc
2015-4-12,55,43,66,44,60,22,90,1874,1977,0,0.16,2.12,April,nyc
2015-4-13,59,50,68,44,60,25,88,1874,1977,0,0.16,1.26,April,nyc
2015-4-14,60,55,65,44,61,26,85,1950,1941,0.01,0.16,2.72,April,nyc
2015-4-15,62,51,72,45,61,28,87,1943,1941,0,0.15,7.57,April,nyc
2015-4-16,58,52,64,45,62,29,92,1928,2002,0,0.14,3.29,April,nyc
2015-4-17,63,55,71,45,62,28,96,1875,2002,0.08,0.15,1.29,April,nyc
2015-4-18,70,59,80,46,62,25,96,1875,1976,0,0.14,2.19,April,nyc
2015-4-19,56,48,64,46,63,21,92,1875,1976,0,0.15,1.96,April,nyc
2015-4-20,52,46,57,46,63,24,90,1897,1927,1.37,0.14,1.96,April,nyc
2015-4-21,59,52,65,47,63,26,87,1875,1923,0.2,0.14,2.28,April,nyc
2015-4-22,59,48,69,47,64,33,86,1947,2001,0.05,0.14,2.45,April,nyc
2015-4-23,47,41,52,47,64,32,86,1930,2007,0,0.14,2.34,April,nyc
2015-4-24,46,39,52,48,64,31,87,1930,2001,0,0.14,2.17,April,nyc
2015-4-25,50,38,62,48,65,29,91,1919,1915,0,0.14,1.68,April,nyc
2015-4-26,55,46,64,48,65,31,92,1919,2009,0,0.14,1.88,April,nyc
2015-4-27,56,49,62,48,65,36,92,1932,1915,0,0.14,2.04,April,nyc
2015-4-28,61,50,71,49,66,34,90,1934,1990,0,0.15,2.74,April,nyc
2015-4-29,64,50,78,49,66,32,89,1874,1974,0,0.14,0.91,April,nyc
2015-4-30,58,48,67,49,66,30,91,1875,1942,0,0.13,4.97,April,nyc
2015-5-1,56,49,63,50,67,35,87,1880,2001,0,0.12,2.48,May,nyc
2015-5-2,61,48,74,50,67,37,90,1903,2001,0,0.12,1.1,May,nyc
2015-5-3,66,51,80,50,67,36,90,1874,2001,0,0.13,1.66,May,nyc
2015-5-4,71,57,85,50,68,38,92,1917,2001,0,0.13,2.02,May,nyc
2015-5-5,76,66,85,51,68,34,90,1891,1980,0,0.13,1.55,May,nyc
2015-5-6,66,59,73,51,68,32,92,1891,1986,0,0.13,1.46,May,nyc
2015-5-7,68,56,80,51,68,37,93,1891,2000,0,0.14,3.82,May,nyc
2015-5-8,69,56,82,52,69,37,91,1947,2000,0,0.12,3.02,May,nyc
2015-5-9,64,57,70,52,69,35,94,1947,1979,0,0.13,1.42,May,nyc
2015-5-10,72,61,83,52,69,36,94,1966,1979,0,0.13,2.1,May,nyc
2015-5-11,77,70,84,52,70,36,92,1913,1993,0,0.12,1.67,May,nyc
2015-5-12,75,64,86,53,70,40,93,1907,1881,0,0.13,1.84,May,nyc
2015-5-13,62,53,70,53,70,39,89,1895,1956,0,0.12,1.66,May,nyc
2015-5-14,62,50,73,53,70,40,88,1878,1900,0,0.12,3.38,May,nyc
2015-5-15,65,55,75,54,71,42,90,1947,1900,0,0.13,1.16,May,nyc
2015-5-16,66,57,75,54,71,42,90,1878,1951,0.3,0.13,2.66,May,nyc
2015-5-17,74,64,83,54,71,39,92,1956,1974,0.02,0.13,1.05,May,nyc
2015-5-18,68,60,75,55,71,41,90,1973,1936,0,0.13,2.18,May,nyc
2015-5-19,70,59,80,55,72,38,99,1976,1962,0,0.13,2.02,May,nyc
2015-5-20,61,54,67,55,72,43,96,2002,1996,0,0.14,2.03,May,nyc
2015-5-21,57,52,62,55,72,40,93,1907,1996,0,0.14,1.94,May,nyc
2015-5-22,65,55,74,56,72,44,96,1990,1941,0,0.15,1.25,May,nyc
2015-5-23,60,49,70,56,73,43,94,1963,1964,0,0.15,2.7,May,nyc
2015-5-24,69,56,81,56,73,39,93,1963,1975,0,0.15,2.07,May,nyc
2015-5-25,75,64,85,57,73,41,95,1925,1880,0,0.15,0.86,May,nyc
2015-5-26,78,67,88,57,74,42,95,1967,1880,0,0.15,1.28,May,nyc
2015-5-27,78,70,85,57,74,41,96,1961,1880,0.08,0.14,2.62,May,nyc
2015-5-28,78,70,85,58,74,43,94,1961,1959,0,0.14,1.16,May,nyc
2015-5-29,75,65,85,58,74,43,97,1902,1969,0,0.16,3.99,May,nyc
2015-5-30,76,67,85,58,75,42,97,1884,1987,0,0.15,2.19,May,nyc
2015-5-31,72,57,87,59,75,46,96,1938,1939,1.46,0.15,3.13,May,nyc
2015-6-1,55,51,58,59,75,44,96,1945,1895,0.72,0.16,2.6,June,nyc
2015-6-2,53,50,55,59,76,48,96,1946,1895,0.37,0.16,2.79,June,nyc
2015-6-3,61,52,70,60,76,45,95,1929,1895,0,0.16,3.01,June,nyc
2015-6-4,60,54,65,60,76,48,99,1926,1925,0,0.16,2.75,June,nyc
2015-6-5,63,55,70,60,76,47,99,1945,1925,0.13,0.16,2.8,June,nyc
2015-6-6,68,60,76,61,77,47,98,1945,1925,0.19,0.16,2.62,June,nyc
2015-6-7,65,55,74,61,77,47,96,1897,1925,0,0.16,4.16,June,nyc
2015-6-8,71,63,79,61,77,47,95,1932,1933,0.06,0.16,1.47,June,nyc
2015-6-9,76,68,83,62,78,47,97,1980,1933,0.01,0.16,2.55,June,nyc
2015-6-10,74,65,82,62,78,49,96,1972,2008,0,0.16,2.07,June,nyc
2015-6-11,81,72,89,62,78,46,95,1972,1973,0,0.16,1.14,June,nyc
2015-6-12,81,73,88,63,78,48,93,1979,1973,0,0.16,2.18,June,nyc
2015-6-13,79,72,86,63,79,51,96,1953,1961,0,0.16,1.71,June,nyc
2015-6-14,77,66,88,63,79,49,99,1875,1956,0.36,0.16,2.54,June,nyc
2015-6-15,74,64,83,64,79,48,96,1933,1994,0.57,0.15,1.13,June,nyc
2015-6-16,72,65,79,64,80,52,97,1927,1891,0.27,0.15,1.31,June,nyc
2015-6-17,74,66,82,64,80,51,96,1926,1957,0,0.16,1.82,June,nyc
2015-6-18,68,64,71,65,80,48,95,1950,1929,0,0.14,2.3,June,nyc
2015-6-19,78,68,87,65,80,52,98,1920,1994,0,0.14,2.16,June,nyc
2015-6-20,70,64,75,65,81,49,98,1914,1923,0,0.13,1.39,June,nyc
2015-6-21,80,71,88,65,81,49,97,1897,1988,0.64,0.14,1.7,June,nyc
2015-6-22,79,70,87,66,81,52,98,1940,1988,0,0.13,1.96,June,nyc
2015-6-23,83,75,90,66,81,49,96,1918,1888,0.02,0.13,1.75,June,nyc
2015-6-24,76,68,84,66,82,52,96,1932,1888,0,0.13,1.46,June,nyc
2015-6-25,74,65,83,66,82,50,99,1873,1952,0,0.14,1.28,June,nyc
2015-6-26,75,69,81,67,82,56,100,1979,1952,0,0.13,4.29,June,nyc
2015-6-27,65,58,71,67,82,55,101,1940,1966,1.12,0.12,2.11,June,nyc
2015-6-28,68,62,73,67,83,54,96,1995,1991,0.29,0.13,1.69,June,nyc
2015-6-29,70,63,76,67,83,52,101,1919,1934,0,0.12,2.57,June,nyc
2015-6-30,75,68,82,67,83,53,99,1919,1964,0,0.13,3.07,June,nyc
2014-7-1,84,74,94,75,93,66,102,1985,1980,0,0.16,1.4,July,hou
2014-7-2,84,74,94,75,93,66,104,1924,1894,0,0.16,5.43,July,hou
2014-7-3,84,73,94,75,93,66,100,1977,1980,0,0.16,1.29,July,hou
2014-7-4,82,72,91,75,93,66,101,1910,2009,0.48,0.15,3.49,July,hou
2014-7-5,82,73,90,75,93,66,102,1924,2009,0.31,0.16,3.04,July,hou
2014-7-6,81,72,89,75,93,63,101,1970,2005,0.01,0.15,1.73,July,hou
2014-7-7,84,74,93,75,93,62,100,1972,1980,0.08,0.15,2.32,July,hou
2014-7-8,83,74,92,75,93,68,104,1892,1980,0,0.15,1.49,July,hou
2014-7-9,85,74,95,75,93,64,102,1905,1980,0,0.14,2.39,July,hou
2014-7-10,83,73,93,75,93,65,101,1893,1980,0,0.14,1.75,July,hou
2014-7-11,83,72,94,75,93,64,103,1905,1980,0,0.13,3.08,July,hou
2014-7-12,84,74,94,75,93,65,104,1891,1980,0,0.12,5.19,July,hou
2014-7-13,87,77,96,75,94,66,102,1895,1980,0,0.13,5.4,July,hou
2014-7-14,86,76,96,75,94,62,103,1990,1980,0,0.12,2.94,July,hou
2014-7-15,82,75,89,75,94,64,103,1967,2000,0.06,0.12,4.32,July,hou
2014-7-16,82,73,90,75,94,66,104,1895,1980,0,0.12,2.04,July,hou
2014-7-17,83,76,89,75,94,67,104,1974,1980,0.39,0.1,2.23,July,hou
2014-7-18,81,75,87,75,94,67,102,1974,1980,0.04,0.11,2.85,July,hou
2014-7-19,79,72,85,75,94,68,102,1974,1980,0,0.11,1.51,July,hou
2014-7-20,83,73,93,75,94,69,102,1970,2000,0.01,0.11,2.08,July,hou
2014-7-21,87,77,96,75,94,65,101,1989,2000,0,0.1,1.09,July,hou
2014-7-22,87,77,96,75,94,67,101,1988,2000,0,0.1,2.78,July,hou
2014-7-23,86,76,95,75,94,64,101,1970,1980,0.07,0.11,2.36,July,hou
2014-7-24,84,73,94,75,94,68,101,1972,1954,0.01,0.1,2.09,July,hou
2014-7-25,85,74,95,75,94,65,102,1894,1964,0,0.1,3.74,July,hou
2014-7-26,87,78,95,75,94,68,105,1972,1954,0,0.11,2.35,July,hou
2014-7-27,87,77,97,75,95,66,101,1902,1995,0,0.1,5.22,July,hou
2014-7-28,88,77,99,75,95,66,103,1891,1995,0,0.1,2.52,July,hou
2014-7-29,83,74,92,75,95,64,101,1994,1907,0.03,0.1,4.7,July,hou
2014-7-30,83,72,94,75,95,68,102,1994,1914,0,0.09,2.11,July,hou
2014-7-31,84,73,94,75,95,67,103,1936,1998,3.91,0.09,3.91,July,hou
2014-8-1,80,73,87,75,95,67,103,1984,1998,0.01,0.1,2.1,August,hou
2014-8-2,77,71,82,75,95,68,104,1891,1998,0,0.1,1.65,August,hou
2014-8-3,81,72,89,75,95,66,103,1949,1998,0,0.1,1.77,August,hou
2014-8-4,83,73,92,75,95,63,102,1976,1951,0,0.11,2.94,August,hou
2014-8-5,83,74,92,75,95,64,103,1976,1964,0,0.1,2.81,August,hou
2014-8-6,85,75,94,75,95,64,101,1891,1947,0,0.11,1.2,August,hou
2014-8-7,87,79,95,75,95,63,104,1891,2003,0,0.11,2.61,August,hou
2014-8-8,87,77,97,75,95,68,104,1990,1962,0.1,0.1,1.66,August,hou
2014-8-9,86,77,94,75,95,62,106,1989,1962,0,0.11,1.83,August,hou
2014-8-10,86,78,94,75,95,62,104,1989,1962,0,0.11,2.88,August,hou
2014-8-11,86,75,97,75,95,65,102,1989,2011,0.25,0.1,2.72,August,hou
2014-8-12,87,76,97,75,95,64,105,1989,1962,0,0.11,1.41,August,hou
2014-8-13,84,73,94,75,95,64,104,2004,1962,0,0.11,1.82,August,hou
2014-8-14,83,73,93,75,95,65,102,2004,2007,0.02,0.11,2.8,August,hou
2014-8-15,86,75,96,75,95,61,101,2004,1994,0,0.11,2.74,August,hou
2014-8-16,89,80,98,75,95,63,102,2004,1925,0,0.12,3.95,August,hou
2014-8-17,88,78,97,75,95,60,104,1992,1909,0,0.12,3.57,August,hou
2014-8-18,86,76,96,75,95,62,108,1992,1909,0,0.13,6.69,August,hou
2014-8-19,85,76,94,75,95,69,107,2000,1909,0,0.13,1.85,August,hou
2014-8-20,85,74,96,75,95,65,107,1976,1909,0.01,0.13,1.8,August,hou
2014-8-21,87,76,98,75,94,63,106,1940,1909,0,0.13,2,August,hou
2014-8-22,87,75,98,75,94,64,106,1976,1980,0,0.13,3.25,August,hou
2014-8-23,87,75,98,75,94,64,107,1973,1980,0,0.13,2.46,August,hou
2014-8-24,86,74,98,75,94,54,105,1891,1980,0,0.14,2.48,August,hou
2014-8-25,87,76,97,75,94,55,103,1891,1924,0,0.13,1.9,August,hou
2014-8-26,86,74,97,74,94,57,104,1891,2011,0,0.14,1.66,August,hou
2014-8-27,85,75,94,74,94,59,109,1891,2011,0,0.14,8.32,August,hou
2014-8-28,83,76,90,74,94,63,107,1992,2011,0,0.14,3.88,August,hou
2014-8-29,83,75,91,74,93,61,107,1992,2011,0.02,0.15,2.89,August,hou
2014-8-30,84,75,92,74,93,62,104,1986,2000,0,0.15,2.56,August,hou
2014-8-31,79,74,84,74,93,62,107,1893,2000,0.83,0.16,5.98,August,hou
2014-9-1,84,74,93,74,93,63,107,1915,2000,0.36,0.15,2.22,September,hou
2014-9-2,85,76,94,73,93,60,104,1893,2000,0,0.14,1.81,September,hou
2014-9-3,84,75,93,73,93,60,105,1987,2000,0,0.14,3.2,September,hou
2014-9-4,85,76,93,73,92,59,109,1974,2000,0,0.14,2.75,September,hou
2014-9-5,84,75,93,73,92,55,108,1891,2000,0.03,0.14,2.07,September,hou
2014-9-6,85,75,95,73,92,56,99,1974,1909,0.16,0.14,2.9,September,hou
2014-9-7,84,73,95,72,92,59,98,1891,1963,0.42,0.15,4.55,September,hou
2014-9-8,82,72,92,72,92,58,100,1988,1907,0,0.15,0.87,September,hou
2014-9-9,85,74,95,72,91,59,100,1988,1909,0,0.15,4.22,September,hou
2014-9-10,87,78,95,72,91,59,99,1988,1993,0,0.16,1.82,September,hou
2014-9-11,87,76,97,71,91,56,99,1907,1893,0,0.15,4.81,September,hou
2014-9-12,82,75,89,71,91,56,101,1907,1909,0.02,0.15,2.25,September,hou
2014-9-13,72,67,77,71,90,56,102,1907,2011,0.01,0.15,7.73,September,hou
2014-9-14,71,65,77,70,90,55,100,1940,2011,0,0.15,4.11,September,hou
2014-9-15,80,68,92,70,90,55,98,1892,1980,0,0.14,3.23,September,hou
2014-9-16,83,75,91,70,90,53,98,1979,1995,0.12,0.13,1.72,September,hou
2014-9-17,82,75,89,70,89,55,100,2000,1995,0.25,0.13,1.85,September,hou
2014-9-18,77,73,81,69,89,54,99,2000,1927,2.31,0.13,2.53,September,hou
2014-9-19,79,73,84,69,89,51,97,1981,1995,0.2,0.12,6.92,September,hou
2014-9-20,81,73,89,69,89,54,99,1901,1999,0,0.13,7.66,September,hou
2014-9-21,82,73,91,68,88,53,100,1983,2005,0,0.13,3.07,September,hou
2014-9-22,83,72,93,68,88,49,100,1983,2005,0,0.12,3.14,September,hou
2014-9-23,74,64,84,68,88,49,96,1999,1993,0,0.13,2.37,September,hou
2014-9-24,75,64,85,67,88,48,95,1975,2013,0,0.13,2.22,September,hou
2014-9-25,74,68,80,67,87,50,99,1994,2005,0,0.13,3.05,September,hou
2014-9-26,77,68,86,67,87,49,99,2000,2005,0,0.13,2.86,September,hou
2014-9-27,79,71,86,66,87,45,100,1942,2005,0,0.13,3.46,September,hou
2014-9-28,81,72,89,66,87,48,98,1909,1998,0,0.13,1.25,September,hou
2014-9-29,80,70,89,66,86,47,96,1908,2011,0,0.12,2.51,September,hou
2014-9-30,80,71,89,65,86,47,95,1890,1998,0,0.13,2.55,September,hou
2014-10-1,83,72,93,65,86,44,99,1984,1900,0.09,0.15,4.62,October,hou
2014-10-2,82,71,93,65,86,47,97,1984,1938,0.78,0.16,2.25,October,hou
2014-10-3,74,63,84,65,85,45,95,1975,1994,0.32,0.17,3.24,October,hou
2014-10-4,68,59,77,64,85,43,95,1975,2002,0,0.17,3.6,October,hou
2014-10-5,69,53,85,64,85,41,94,1975,2006,0,0.17,2.9,October,hou
2014-10-6,75,65,84,64,85,44,94,1975,1928,0.69,0.17,4.42,October,hou
2014-10-7,78,65,90,63,84,46,95,1889,1956,0,0.17,5.76,October,hou
2014-10-8,80,69,90,63,84,42,96,1952,1962,0.06,0.17,2.07,October,hou
2014-10-9,79,68,90,63,84,40,93,1976,1962,0,0.17,3.6,October,hou
2014-10-10,83,75,91,63,84,43,95,1908,1962,0.03,0.17,3.5,October,hou
2014-10-11,76,66,85,62,83,44,94,1990,1962,0.02,0.18,3.02,October,hou
2014-10-12,76,65,87,62,83,42,96,1977,1991,0.35,0.18,3.37,October,hou
2014-10-13,72,59,85,62,83,36,94,1977,1991,0.61,0.18,2.55,October,hou
2014-10-14,67,54,79,61,83,40,92,1977,1954,0,0.19,4.91,October,hou
2014-10-15,68,51,84,61,82,40,92,1978,1947,0,0.2,4.87,October,hou
2014-10-16,72,57,87,61,82,41,92,1893,1989,0,0.21,5.17,October,hou
2014-10-17,73,60,86,61,82,40,93,1977,1895,0,0.2,4.31,October,hou
2014-10-18,75,63,86,60,82,39,96,1978,1895,0.5,0.21,4.04,October,hou
2014-10-19,72,62,81,60,81,36,94,1989,2004,0,0.21,1.23,October,hou
2014-10-20,71,59,83,60,81,32,93,1989,2004,0,0.2,2.54,October,hou
2014-10-21,69,55,82,60,81,33,93,1976,2004,0,0.21,2.4,October,hou
2014-10-22,72,61,82,59,80,41,91,1898,2004,0,0.2,3.7,October,hou
2014-10-23,69,58,80,59,80,40,91,1996,1988,0,0.2,3.79,October,hou
2014-10-24,68,54,82,59,80,39,92,1908,1931,0,0.19,2.13,October,hou
2014-10-25,70,55,85,59,80,39,91,1980,1950,0,0.2,9.25,October,hou
2014-10-26,71,56,85,58,79,39,92,1892,2010,0,0.2,2.43,October,hou
2014-10-27,72,58,86,58,79,36,94,1898,2010,0,0.18,2.72,October,hou
2014-10-28,73,60,86,58,79,36,90,1898,1991,0,0.18,8.04,October,hou
2014-10-29,73,61,84,57,78,39,90,1910,1991,0,0.18,2.45,October,hou
2014-10-30,67,55,79,57,78,33,89,1917,2004,0,0.17,5.3,October,hou
2014-10-31,67,55,79,57,78,29,88,1993,2004,0,0.16,3.84,October,hou
2014-11-1,55,45,65,57,77,35,89,1993,2010,0,0.15,6.25,November,hou
2014-11-2,57,41,72,56,77,34,89,1991,1978,0,0.14,4.58,November,hou
2014-11-3,67,53,80,56,77,30,87,1999,1992,0,0.15,3.09,November,hou
2014-11-4,72,62,82,56,76,28,89,1991,1988,0,0.16,3.2,November,hou
2014-11-5,69,64,74,55,76,31,88,1991,1963,1.12,0.16,5.22,November,hou
2014-11-6,62,58,66,55,76,36,88,1993,1963,0.17,0.15,1.67,November,hou
2014-11-7,57,49,65,55,75,29,88,1993,2002,0,0.15,1.46,November,hou
2014-11-8,63,50,75,55,75,34,89,1991,1989,0,0.15,1.47,November,hou
2014-11-9,60,47,72,54,75,29,88,1991,1969,0,0.15,3.08,November,hou
2014-11-10,63,45,80,54,74,30,88,1977,1988,0,0.15,2.85,November,hou
2014-11-11,60,49,71,54,74,32,87,1977,1978,0.01,0.16,1.88,November,hou
2014-11-12,51,43,58,53,74,32,85,1987,2003,0,0.15,4.68,November,hou
2014-11-13,41,36,45,53,73,29,86,1907,2005,0.2,0.14,4.53,November,hou
2014-11-14,41,34,47,53,73,28,89,1969,1921,0,0.15,1.4,November,hou
2014-11-15,48,43,53,52,73,25,88,1969,1978,0.3,0.14,2.8,November,hou
2014-11-16,50,42,57,52,72,25,85,1970,1948,0.65,0.14,3.03,November,hou
2014-11-17,44,36,52,52,72,31,85,1997,2013,0,0.14,5.19,November,hou
2014-11-18,44,32,55,51,72,28,84,1959,1973,0,0.14,3.36,November,hou
2014-11-19,50,30,69,51,71,30,85,2014,1985,0,0.14,2.1,November,hou
2014-11-20,61,46,76,51,71,27,84,1969,1977,0.04,0.13,1.85,November,hou
2014-11-21,64,61,66,50,71,29,84,1937,1999,0.57,0.14,1.54,November,hou
2014-11-22,63,58,68,50,70,30,87,1975,1973,0.11,0.13,3.09,November,hou
2014-11-23,71,61,80,50,70,24,85,1975,1973,0.23,0.14,3.81,November,hou
2014-11-24,56,45,66,49,70,26,84,1970,1910,0,0.13,3.35,November,hou
2014-11-25,54,41,66,49,69,29,86,1950,1967,0,0.14,1.7,November,hou
2014-11-26,58,43,73,49,69,27,86,1975,1967,0,0.14,3.17,November,hou
2014-11-27,55,43,67,49,69,26,84,1975,1989,0,0.14,3.12,November,hou
2014-11-28,55,39,71,48,68,26,83,1976,1977,0,0.14,1.82,November,hou
2014-11-29,69,60,78,48,68,22,83,1976,2006,0,0.15,3.47,November,hou
2014-11-30,71,61,80,48,68,19,82,1976,1950,0,0.15,1.41,November,hou
2014-12-1,57,45,69,47,67,26,83,1979,2012,0.03,0.15,5.8,December,hou
2014-12-2,50,44,56,47,67,28,84,1979,2012,0,0.13,3.28,December,hou
2014-12-3,59,52,66,47,67,25,85,1929,1995,0,0.14,2.5,December,hou
2014-12-4,63,53,72,47,67,27,83,1897,2012,0,0.13,1.96,December,hou
2014-12-5,72,65,79,46,66,26,83,2009,1998,0.07,0.13,2.02,December,hou
2014-12-6,65,58,71,46,66,20,82,1950,1951,0,0.13,3.08,December,hou
2014-12-7,57,54,59,46,66,24,84,1950,1998,0,0.13,4.95,December,hou
2014-12-8,57,46,67,46,66,25,83,1927,2007,0,0.13,1.95,December,hou
2014-12-9,57,43,70,45,65,25,82,1917,2007,0,0.13,1.69,December,hou
2014-12-10,56,42,69,45,65,20,83,1978,1939,0,0.12,4.41,December,hou
2014-12-11,64,56,72,45,65,26,83,1957,2007,0.02,0.12,2.85,December,hou
2014-12-12,66,57,75,45,65,25,82,1989,1948,0,0.13,2.57,December,hou
2014-12-13,64,54,74,45,65,19,82,1989,1921,0,0.12,2.85,December,hou
2014-12-14,67,58,76,45,64,25,83,1985,1995,0,0.12,5.64,December,hou
2014-12-15,70,59,80,44,64,21,82,1901,1995,0,0.12,2.19,December,hou
2014-12-16,57,48,66,44,64,19,82,1989,1971,0,0.12,3.05,December,hou
2014-12-17,54,44,64,44,64,20,80,1932,1984,0,0.12,2.28,December,hou
2014-12-18,64,57,70,44,64,24,82,1996,1980,0.8,0.11,2.14,December,hou
2014-12-19,56,52,59,44,64,20,81,1929,1978,3.06,0.12,3.06,December,hou
2014-12-20,52,50,54,44,63,21,81,1996,1951,0,0.12,2.02,December,hou
2014-12-21,55,48,61,44,63,21,82,1973,2010,0,0.12,3.41,December,hou
2014-12-22,64,55,72,44,63,13,81,1989,1981,0,0.11,2.21,December,hou
2014-12-23,54,48,60,44,63,7,80,1989,1996,0.69,0.13,1.01,December,hou
2014-12-24,46,37,55,43,63,11,82,1989,1948,0,0.11,2.04,December,hou
2014-12-25,50,34,66,43,63,11,82,1983,1964,0,0.12,2.09,December,hou
2014-12-26,61,51,71,43,63,18,78,1983,2005,0.04,0.11,2.06,December,hou
2014-12-27,60,46,74,43,63,19,81,1892,1971,0.22,0.11,1.38,December,hou
2014-12-28,44,41,46,43,63,15,80,1894,1996,0.67,0.11,2.7,December,hou
2014-12-29,44,39,48,43,63,15,81,1894,1984,0,0.1,2.15,December,hou
2014-12-30,46,38,53,43,63,19,83,1983,1974,0,0.1,1.36,December,hou
2014-12-31,42,37,46,43,63,18,82,1983,1974,0,0.1,3.35,December,hou
2015-1-1,44,41,47,43,63,18,81,1928,2006,0.15,0.1,3.12,January,hou
2015-1-2,51,47,54,43,63,16,81,1928,2000,0.63,0.1,2.26,January,hou
2015-1-3,47,41,53,43,62,16,83,1911,1989,0.63,0.1,3.44,January,hou
2015-1-4,46,36,56,43,62,18,79,1911,1997,0,0.11,2.23,January,hou
2015-1-5,43,31,54,43,62,22,80,1972,1998,0,0.11,1.39,January,hou
2015-1-6,50,34,65,43,62,22,80,1972,1989,0,0.11,3.7,January,hou
2015-1-7,51,39,62,43,62,19,79,1970,1989,0,0.1,2.01,January,hou
2015-1-8,35,28,42,43,62,19,79,1996,1957,0.01,0.11,5.89,January,hou
2015-1-9,39,37,40,43,63,19,80,1976,1974,0.06,0.1,2.49,January,hou
2015-1-10,39,37,41,43,63,18,82,1977,1963,0.08,0.11,1.43,January,hou
2015-1-11,44,39,49,43,63,12,81,1982,1995,0.66,0.1,2.78,January,hou
2015-1-12,46,43,49,43,63,11,81,1918,2000,0,0.11,2.27,January,hou
2015-1-13,45,43,46,43,63,17,81,1912,2000,0.05,0.1,1.51,January,hou
2015-1-14,42,39,45,43,63,19,82,1982,1971,0,0.11,1.45,January,hou
2015-1-15,47,39,54,43,63,21,79,1892,1996,0,0.11,2.82,January,hou
2015-1-16,47,33,61,43,63,22,81,1972,1936,0,0.11,2.6,January,hou
2015-1-17,53,37,69,43,63,15,80,1930,1974,0,0.11,2.39,January,hou
2015-1-18,57,43,71,43,63,5,81,1930,2000,0,0.12,2.83,January,hou
2015-1-19,53,34,72,43,63,10,81,1940,2000,0,0.11,2,January,hou
2015-1-20,61,45,76,43,63,20,81,1985,2012,0,0.11,1.83,January,hou
2015-1-21,62,57,67,43,63,16,81,1985,1911,0,0.11,2.05,January,hou
2015-1-22,52,44,60,43,63,15,80,1930,1972,0.87,0.12,2.52,January,hou
2015-1-23,42,39,44,43,63,14,83,1940,1972,0.03,0.11,2.62,January,hou
2015-1-24,49,35,62,43,63,18,82,1963,1971,0,0.11,1.94,January,hou
2015-1-25,55,40,70,44,63,19,81,1894,1971,0,0.11,2.83,January,hou
2015-1-26,56,44,67,44,64,23,84,1943,1975,0,0.11,2.58,January,hou
2015-1-27,64,47,81,44,64,19,83,1897,1975,0,0.11,2.86,January,hou
2015-1-28,61,43,79,44,64,19,82,1897,1975,0,0.12,0.75,January,hou
2015-1-29,62,49,75,44,64,22,82,1897,1975,0,0.11,1.93,January,hou
2015-1-30,55,45,65,44,64,18,84,1949,1911,0,0.12,1.64,January,hou
2015-1-31,53,42,63,44,64,14,82,1949,1911,0,0.11,2.12,January,hou
2015-2-1,63,48,77,44,64,15,82,1951,1989,0.01,0.12,3.69,February,hou
2015-2-2,43,36,50,44,64,14,83,1951,1911,0,0.11,1.7,February,hou
2015-2-3,44,41,46,44,64,23,80,1951,2008,0.17,0.1,1.82,February,hou
2015-2-4,52,42,61,45,65,22,81,1996,1957,0.16,0.1,2.19,February,hou
2015-2-5,48,41,55,45,65,23,83,1996,1957,0,0.1,1.8,February,hou
2015-2-6,49,41,56,45,65,24,81,1989,1969,0,0.11,1.09,February,hou
2015-2-7,53,37,69,45,65,11,80,1895,1957,0,0.11,1.46,February,hou
2015-2-8,66,54,77,45,65,10,82,1895,1932,0,0.11,1.84,February,hou
2015-2-9,69,54,83,45,65,15,86,1933,1962,0,0.11,2,February,hou
2015-2-10,59,43,74,46,65,22,85,1973,1957,0,0.12,2.22,February,hou
2015-2-11,60,44,75,46,66,20,82,1981,1999,0,0.11,1.88,February,hou
2015-2-12,56,46,66,46,66,6,84,1899,1922,0,0.12,2.7,February,hou
2015-2-13,53,39,66,46,66,6,83,1899,1962,0,0.11,2.99,February,hou
2015-2-14,61,43,78,46,66,10,83,1899,1911,0,0.11,1.9,February,hou
2015-2-15,61,51,71,47,66,18,83,1905,2000,0.02,0.13,2,February,hou
2015-2-16,53,37,68,47,66,13,82,1895,1927,0.15,0.12,2.05,February,hou
2015-2-17,44,34,54,47,67,16,86,1895,1907,0,0.12,0.87,February,hou
2015-2-18,49,33,64,47,67,19,87,1936,1986,0,0.13,2.09,February,hou
2015-2-19,51,37,64,47,67,20,88,1900,1986,0,0.12,1.3,February,hou
2015-2-20,61,52,69,48,67,25,91,1908,1986,0.01,0.12,2.6,February,hou
2015-2-21,70,65,75,48,67,24,89,1978,1996,0,0.12,1.98,February,hou
2015-2-22,63,45,80,48,68,21,90,1978,1996,0,0.12,1.96,February,hou
2015-2-23,40,34,46,48,68,27,88,1976,1996,0.02,0.11,1.6,February,hou
2015-2-24,38,33,43,48,68,26,87,1914,1927,0,0.12,1.38,February,hou
2015-2-25,42,33,50,49,68,26,85,1974,1918,0.1,0.1,2.1,February,hou
2015-2-26,43,31,55,49,69,26,86,1974,1986,0,0.12,1.51,February,hou
2015-2-27,42,37,46,49,69,22,86,2002,1954,0,0.11,1.85,February,hou
2015-2-28,47,37,57,49,69,28,90,2002,1940,0.02,0.12,1.44,February,hou
2015-3-1,54,49,59,50,69,28,84,1980,1975,0.22,0.11,3.32,March,hou
2015-3-2,54,48,60,50,70,22,91,1980,1909,0.01,0.12,1.55,March,hou
2015-3-3,68,56,80,50,70,21,86,1943,1893,0,0.11,1.03,March,hou
2015-3-4,63,43,83,50,70,22,86,2002,1893,0,0.12,4.56,March,hou
2015-3-5,44,36,51,50,70,25,84,1989,1998,0.15,0.12,2.2,March,hou
2015-3-6,44,30,57,51,71,25,86,1989,1991,0,0.12,1.44,March,hou
2015-3-7,48,35,60,51,71,28,90,1989,1911,0,0.12,1.58,March,hou
2015-3-8,49,45,53,51,71,27,88,1971,1911,1.49,0.11,2.05,March,hou
2015-3-9,58,50,66,51,71,27,88,1932,2000,1.96,0.11,1.96,March,hou
2015-3-10,57,53,60,51,72,27,89,1932,1980,0,0.11,3.23,March,hou
2015-3-11,58,53,62,52,72,27,87,1948,1911,0.12,0.11,2.81,March,hou
2015-3-12,59,55,62,52,72,24,89,1948,1904,0.33,0.11,4.28,March,hou
2015-3-13,61,55,66,52,72,27,88,1932,1942,0.34,0.1,1.96,March,hou
2015-3-14,64,51,77,52,73,29,88,1993,2008,0,0.11,1.82,March,hou
2015-3-15,64,55,73,52,73,32,89,1999,2008,0,0.11,2.06,March,hou
2015-3-16,67,57,77,53,73,34,87,1913,1908,0,0.11,2.83,March,hou
2015-3-17,70,58,82,53,73,30,88,1900,1908,0,0.1,2.57,March,hou
2015-3-18,74,65,82,53,74,27,90,1892,2013,0.11,0.1,1.6,March,hou
2015-3-19,73,66,79,53,74,27,89,1923,1908,0.49,0.09,4.2,March,hou
2015-3-20,74,66,82,53,74,24,90,1923,1907,0.02,0.11,7.47,March,hou
2015-3-21,65,64,66,54,74,30,87,1996,1907,1.01,0.1,1.38,March,hou
2015-3-22,68,60,76,54,75,32,89,1970,1916,0,0.12,2.01,March,hou
2015-3-23,68,55,80,54,75,35,89,1989,1929,0,0.11,2.27,March,hou
2015-3-24,67,53,80,54,75,32,87,1897,1907,0,0.11,1.46,March,hou
2015-3-25,68,56,80,54,75,36,93,2006,1928,0,0.12,7.36,March,hou
2015-3-26,62,54,69,55,75,30,94,1955,1928,0.09,0.12,2.23,March,hou
2015-3-27,62,44,80,55,76,31,89,1955,1935,0,0.11,3,March,hou
2015-3-28,65,47,82,55,76,33,89,1931,1972,0,0.11,1.99,March,hou
2015-3-29,70,57,82,55,76,35,90,1894,1974,0,0.1,1.75,March,hou
2015-3-30,72,61,83,55,76,33,96,1987,1946,0,0.11,2.9,March,hou
2015-3-31,74,64,83,56,77,30,88,1987,1946,0,0.1,1.44,March,hou
2015-4-1,74,69,79,56,77,39,89,1987,1936,0.01,0.1,2.26,April,hou
2015-4-2,77,69,84,56,77,38,89,1996,1939,0,0.1,4.75,April,hou
2015-4-3,77,71,82,56,77,31,87,1987,2006,0,0.1,3.09,April,hou
2015-4-4,67,61,73,56,77,34,88,1987,1897,0,0.1,3.35,April,hou
2015-4-5,62,57,67,57,78,38,91,1973,1982,0.02,0.1,2.61,April,hou
2015-4-6,75,67,82,57,78,37,88,1970,1909,0,0.1,1.9,April,hou
2015-4-7,79,70,87,57,78,32,91,1971,1907,0,0.1,2.28,April,hou
2015-4-8,78,71,84,57,78,35,92,1971,1986,0,0.1,3.26,April,hou
2015-4-9,78,70,86,58,78,36,92,1973,1963,0,0.1,2.68,April,hou
2015-4-10,68,61,74,58,79,31,92,1973,1963,1.74,0.11,2.57,April,hou
2015-4-11,70,63,77,58,79,38,89,1989,1934,0.13,0.1,1.67,April,hou
2015-4-12,74,68,80,58,79,41,89,1900,1981,0.14,0.1,4.04,April,hou
2015-4-13,79,71,86,59,79,39,92,1940,1996,0.32,0.1,6.43,April,hou
2015-4-14,70,64,76,59,79,39,89,1980,1996,0.12,0.11,3.52,April,hou
2015-4-15,71,60,81,59,80,38,90,1928,1944,0,0.1,3.05,April,hou
2015-4-16,74,65,82,59,80,38,92,1983,1987,1.66,0.11,4.7,April,hou
2015-4-17,74,64,83,60,80,38,92,1999,2006,1.1,0.11,1.9,April,hou
2015-4-18,72,66,78,60,80,42,94,1999,1987,0.09,0.11,8.16,April,hou
2015-4-19,72,58,86,60,80,40,92,1901,1987,0.54,0.11,2.77,April,hou
2015-4-20,67,59,74,61,81,39,93,2013,1987,0,0.11,2.7,April,hou
2015-4-21,68,56,79,61,81,42,90,1978,1987,0,0.12,3.76,April,hou
2015-4-22,76,67,84,61,81,43,90,1993,2009,0,0.12,1.5,April,hou
2015-4-23,79,69,88,61,81,44,91,1998,1999,0,0.11,2.4,April,hou
2015-4-24,78,71,85,62,81,46,92,1995,1894,0,0.12,2.24,April,hou
2015-4-25,78,67,88,62,82,41,90,1910,1987,0.21,0.13,2.5,April,hou
2015-4-26,76,67,85,62,82,46,91,1978,1988,0,0.12,3.52,April,hou
2015-4-27,72,66,78,63,82,47,93,1978,1933,0.02,0.13,2.72,April,hou
2015-4-28,64,56,71,63,82,47,95,1978,1987,0,0.12,3.76,April,hou
2015-4-29,65,52,78,63,82,46,92,2008,1987,0,0.13,2.86,April,hou
2015-4-30,68,53,82,64,83,42,92,1908,1981,0,0.14,3.2,April,hou
2015-5-1,71,57,84,64,83,45,94,1908,1947,0,0.15,4.11,May,hou
2015-5-2,70,57,83,64,83,45,96,1976,1964,0,0.15,3.48,May,hou
2015-5-3,70,57,83,64,83,47,93,1978,1890,0,0.16,5.1,May,hou
2015-5-4,73,61,84,65,84,42,94,2013,1890,0,0.16,1.72,May,hou
2015-5-5,73,63,82,65,84,49,94,1970,1906,0.13,0.17,3.6,May,hou
2015-5-6,78,73,83,65,84,49,94,2013,1906,0.41,0.17,5,May,hou
2015-5-7,80,74,85,65,84,47,94,1891,1998,0,0.17,2.61,May,hou
2015-5-8,81,77,85,66,85,45,96,1892,1967,0,0.17,2.34,May,hou
2015-5-9,82,76,87,66,85,46,94,1984,1998,0,0.17,2.42,May,hou
2015-5-10,82,77,87,66,85,51,94,1984,1927,0.03,0.17,5.89,May,hou
2015-5-11,75,69,80,67,85,47,94,1981,1890,0.28,0.17,2.16,May,hou
2015-5-12,74,69,79,67,85,50,92,1895,1967,0.56,0.16,5.27,May,hou
2015-5-13,75,68,81,67,86,50,94,1895,1907,1.55,0.16,3.44,May,hou
2015-5-14,80,72,87,67,86,47,93,1971,1995,0.05,0.16,2.44,May,hou
2015-5-15,79,73,84,68,86,49,92,1890,2003,0.15,0.18,4.64,May,hou
2015-5-16,81,73,89,68,86,47,93,1973,2003,0,0.17,2.8,May,hou
2015-5-17,78,71,85,68,87,52,95,1970,1894,0.98,0.17,4.2,May,hou
2015-5-18,80,73,86,68,87,50,95,1976,1890,0.24,0.15,6.16,May,hou
2015-5-19,80,73,86,68,87,50,95,1976,2003,0.02,0.16,6.87,May,hou
2015-5-20,81,73,89,69,87,48,95,1894,2008,0.31,0.16,4.17,May,hou
2015-5-21,77,71,82,69,88,53,96,1892,2005,1.08,0.15,5.45,May,hou
2015-5-22,72,65,79,69,88,48,96,1892,2005,0,0.16,3.1,May,hou
2015-5-23,79,73,85,69,88,45,95,1892,1996,0.72,0.16,3.99,May,hou
2015-5-24,75,69,81,70,88,54,95,1892,1955,0.56,0.16,3.96,May,hou
2015-5-25,77,66,88,70,88,56,95,1979,1927,4.34,0.16,4.34,May,hou
2015-5-26,76,66,85,70,89,57,98,1979,2011,0.77,0.17,2.91,May,hou
2015-5-27,76,65,86,70,89,50,98,1901,1928,1.41,0.17,3.99,May,hou
2015-5-28,80,70,90,70,89,54,98,1901,1906,0,0.17,2.83,May,hou
2015-5-29,80,70,89,71,89,58,99,1984,1996,0.01,0.17,4.33,May,hou
2015-5-30,80,69,91,71,89,53,97,1984,1998,0.57,0.17,5.01,May,hou
2015-5-31,78,69,87,71,90,50,98,1889,1998,0,0.17,3.45,May,hou
2015-6-1,78,66,89,71,90,53,98,1984,1998,0,0.18,1.32,June,hou
2015-6-2,79,68,90,71,90,55,100,1892,2011,0,0.17,4.03,June,hou
2015-6-3,80,69,91,72,90,52,98,1970,1960,0,0.18,3.27,June,hou
2015-6-4,80,69,90,72,90,59,98,1970,2011,0,0.17,3.72,June,hou
2015-6-5,82,72,92,72,90,56,105,1970,2011,0,0.18,5.33,June,hou
2015-6-6,83,72,93,72,91,57,105,1970,2011,0,0.18,2.66,June,hou
2015-6-7,83,72,93,72,91,58,99,1970,1903,0,0.18,2.29,June,hou
2015-6-8,83,72,93,72,91,60,99,1977,1980,0,0.19,8.13,June,hou
2015-6-9,84,74,93,73,91,56,97,1996,1956,0,0.19,2.92,June,hou
2015-6-10,84,74,94,73,91,57,100,1955,1902,0,0.19,2.92,June,hou
2015-6-11,84,73,94,73,91,61,101,1976,1902,0.01,0.21,5.63,June,hou
2015-6-12,83,74,92,73,91,55,101,1979,1978,0,0.22,3.05,June,hou
2015-6-13,80,74,86,73,91,57,101,1979,1911,0.35,0.21,3.58,June,hou
2015-6-14,81,74,88,73,91,55,102,1903,1998,0.52,0.21,3.81,June,hou
2015-6-15,83,75,90,73,92,55,100,1903,2011,0.14,0.21,5.68,June,hou
2015-6-16,78,75,80,74,92,57,100,1989,1963,2.26,0.21,2.71,June,hou
2015-6-17,80,76,84,74,92,62,100,1989,1902,0.7,0.21,1.51,June,hou
2015-6-18,81,76,86,74,92,64,103,1969,1918,0,0.22,3.29,June,hou
2015-6-19,83,76,90,74,92,64,101,1912,1934,0,0.22,4.43,June,hou
2015-6-20,84,77,90,74,92,62,101,1976,1902,0.2,0.21,1.99,June,hou
2015-6-21,86,78,93,74,92,59,100,1976,1998,0,0.21,2.04,June,hou
2015-6-22,84,76,92,74,92,66,101,1912,1933,0,0.22,3.13,June,hou
2015-6-23,84,76,92,74,92,60,101,1904,2009,0,0.2,2.22,June,hou
2015-6-24,84,74,93,74,92,61,104,1904,2009,0,0.21,4.47,June,hou
2015-6-25,85,75,94,75,92,60,102,1974,2009,0,0.2,2.82,June,hou
2015-6-26,86,77,94,75,92,59,105,1974,2012,0.13,0.19,10.34,June,hou
2015-6-27,83,73,93,75,92,57,102,1974,1980,2.38,0.19,2.5,June,hou
2015-6-28,82,73,90,75,93,59,102,1974,2009,2.24,0.19,2.98,June,hou
2015-6-29,84,76,92,75,93,59,107,1974,2013,0,0.19,2.5,June,hou
2015-6-30,82,72,92,75,93,61,103,1985,1980,2.26,0.19,2.26,June,hou